"Name","It17_Plot.Area.d094","It17_Plot.Area.d100","It17_Plot.Area.d118","It17_Plot.Area.d132","It17_Plot.Area.d164","It17_Plot.Height.d094","It17_Plot.Height.d100","It17_Plot.Height.d118","It17_Plot.Height.d132","It17_Plot.Height.d164","It17_Plot.Volume.d094","It17_Plot.Volume.d100","It17_Plot.Volume.d118","It17_Plot.Volume.d132","It17_Plot.Volume.d164"
"X3156.11_AGL",0.214634371595727,0.31033217692131,0.94305959552819,1.4876812500062,1.84809641121601,0.0859626829624176,0.100583585600058,0.141218513250351,0.278356393178304,0.293678500652313,0.0182337652150352,0.0313949412941218,0.133397042746975,0.41648543654997,0.545847277089235
"CDC_Asterix_AGL",0.123792385597793,0.129244074005133,0.656046800596311,1.3091795950934,2.01213989723763,0.0814351513981819,0.104089925686518,0.086647242307663,0.212841739257177,0.29209578037262,0.00953974432856785,0.0133059633210278,0.0573126962994381,0.279664197102004,0.58774244094029
"CDC_Cherie_AGL",0.206153129031757,0.303072176569454,0.806554444135576,1.44351526494489,1.42908011229544,0.0813581645488739,0.0878571768601735,0.133136550585429,0.298778643210729,0.295790856778622,0.0162935194155367,0.026267815025355,0.108166308861137,0.431464196152002,0.427149554190482
"CDC_Glamis_AGL",0.235715089627969,0.375892381805487,0.819720062356668,1.29954604950585,1.28655058901079,0.0908927097916603,0.114260320862134,0.15359232823054,0.283183892567952,0.280352053642273,0.0210986176950889,0.0426335821732984,0.130482904333691,0.366701690429703,0.363034673525406
"CDC_Gold_AGL",0.324909066440765,0.370458334108069,0.96510849981606,1.47226573959569,1.45754308219973,0.0787643988927205,0.101853070159753,0.153261959552765,0.311118106047312,0.308006924986839,0.0248733607624865,0.0389930686956668,0.148991568486479,0.462963947031245,0.458334307560933
"CDC_Greenstar_AGL",0.263587928933064,0.479106158018307,1.06239411389668,1.5981854144125,1.58220356026837,0.0795928612351418,0.109935440123081,0.146053291857243,0.31755139430364,0.314375880360603,0.0213316647340698,0.0530957888209703,0.157499953079602,0.511985332521025,0.506865479195815
"CDC_Imax_AGL",0.306420168798066,0.484810717231319,1.08820036214303,1.52368742179745,1.50845054757947,0.0827160179615021,0.118896993498007,0.13100977241993,0.313349515199661,0.310216020047665,0.0251655201133494,0.0565317572004575,0.142589302917378,0.479378004304394,0.47458422426135
"CDC_Impower_AGL",0.403717989084126,0.557629362999517,1.17339256420695,1.72588277879592,1.70862395100796,0.0926515335838,0.127441182732582,0.155511145790418,0.336164017518361,0.332802377343178,0.0366183615017419,0.0693034236157023,0.184047296290359,0.579297028075006,0.573504057794256
"CDC_KR.1_AGL",0.27171193976432,0.350255746798283,0.840934957579092,1.31050360521362,1.35438301379271,0.0777446180582047,0.0898001020153363,0.128891617059708,0.287705739339193,0.294981403450171,0.020518903003366,0.0319549042243491,0.116732742777485,0.384273522183648,0.40550918697406
"CDC_LeMay_AGL",0.231413407372501,0.26465132913257,0.847670282230951,1.52463737933533,1.50939100554198,0.0842904299497604,0.110831543803215,0.115036606788635,0.294992630680402,0.292042704373598,0.0208077424981375,0.0302783948374252,0.100092932138253,0.45389004346489,0.449351143030241
"CDC_Maxim_AGL",0.269850761120963,0.262324504582491,0.915147292683301,1.54322751643437,1.87268345239155,0.0828342412908872,0.103179688254992,0.132476506133874,0.304156670967738,0.333684136470159,0.0216231765179122,0.0264337767610524,0.121091937656179,0.466409486413244,0.624260065010979
"CDC_QG.1_AGL",0.234976687208142,0.310890747407514,0.825826051382846,1.4249570493826,1.7110339791997,0.0871283039450645,0.0994277894496918,0.1259717370073,0.273083090782166,0.284237870375315,0.0205415586354518,0.032364770269169,0.105037288316874,0.400553681404887,0.487596016155158
"CDC_Red_Rider_AGL",0.24414099979692,0.387107143725787,1.07072824453944,1.64489839307155,1.62844940914084,0.0942231118679047,0.111909776926041,0.135763771831989,0.319685747226079,0.316488889753819,0.0231950698412756,0.0435793711694601,0.145241457020932,0.526580015051546,0.52131421490103
"CDC_Redcoat_AGL",0.225803765448722,0.227184736149451,0.911605422477658,1.51776340402464,1.69146250364278,0.0875484111408393,0.0859548921386401,0.144863511125247,0.289393275976181,0.366434852282206,0.0182181058834551,0.0190819070079384,0.131780381176774,0.440657232100918,0.620783222855546
"CDC_Redwing_AGL",0.192119471626296,0.316442309437264,0.864186981050892,1.40312601625033,1.38909475608782,0.0732871269186338,0.0883160506685575,0.126866012811661,0.282997667789459,0.280167691111565,0.0139851880446131,0.0267520937189669,0.111173081937357,0.396795045699673,0.392827095242676
"CDC_Robin_AGL",0.181790292422931,0.334571383449247,1.03469728412567,1.55780344216737,1.57448844021027,0.0763006657361984,0.0959047749638557,0.114527533451716,0.279474983612696,0.29735193858544,0.0145588448842461,0.0330229950021805,0.119033353385662,0.438549943067408,0.4706255949964
"CDC_Rosebud_AGL",0.115472481031972,0.150814337544375,0.593646631096603,1.26605965574025,1.50330376939724,0.0646794488032659,0.0743545827766259,0.10708824545145,0.23074925939242,0.281832903623581,0.007796153167374,0.0116032892938164,0.0636287004747825,0.293213106301423,0.423949027140302
"CDC_Rosetown_AGL",0.196193308823299,0.27509766713488,0.838608303720461,1.41859150851662,2.37845949957018,0.073891152938207,0.0932705377538999,0.120553061366081,0.263527005910873,0.315370142459869,0.0142779056246473,0.0254882075736511,0.100937531382536,0.376699617385873,0.753556396258294
"CDC_Rosie_AGL",0.160656475180949,0.215969700304431,0.716129716707943,1.18831836944137,1.61044403241025,0.0887920583287875,0.0992619891961416,0.115164833764235,0.243067026138306,0.338954389492671,0.0119261926219633,0.021757286702009,0.0819443648378106,0.319840477036677,0.536396495853293
"CDC_Rouleau_AGL",0.250647072094848,0.234307536750212,0.75108177819835,1.45481188055222,1.5885424376473,0.0724990094701449,0.0852999240159988,0.11008092512687,0.275916586319606,0.285293006896973,0.0172164468907022,0.0194788051561382,0.0824181261291539,0.402683440419248,0.45339206847234
"CDC_Royale_AGL",0.282942828104,0.454984602998594,1.18422834653309,1.77928133816454,1.78122232729856,0.0845139945546786,0.106964801748594,0.127395205199718,0.307678908109665,0.308792745272319,0.0238520916959335,0.0482556240180894,0.151104713166325,0.551866042172159,0.557007551835399
"CDC_Ruby_AGL",0.146118127660902,0.12333123930092,0.494668726785698,1.07491666318691,1.56938142786621,0.0773385837674141,0.0871370707949003,0.106798035403093,0.229904820521673,0.283287877837817,0.0109448528396279,0.0104822692911144,0.0536234614249599,0.255074124215641,0.449706477419611
"CDC_SB.1_AGL",0.246292450592411,0.377715984843967,0.989437029895478,1.63509220380184,1.6939995595003,0.0716166210671266,0.0933862601717313,0.138236865401268,0.29297544558843,0.30065447161595,0.0185611191932282,0.0362837178119337,0.137557271031675,0.483247619745422,0.515271129759108
"CDC_Sedley_AGL",0.360608120950234,0.432889109684985,0.956325627718615,1.52953075006972,1.51423544256902,0.0959931959708532,0.119814040760199,0.154472639163335,0.328435877958934,0.325151519179344,0.0325808261663775,0.053449776138648,0.152919826561847,0.513985259621471,0.508845407025256
"CDC_Vantage_AGL",0.356364571352197,0.3706642563998,0.921263737574738,1.45640730552547,1.44184323247021,0.0740443617105484,0.0863251810272535,0.148445564011733,0.306400020917257,0.303336020708084,0.0263081634539352,0.0315758114267746,0.139007498805048,0.447551482900697,0.44307596807169
"CN_105604_AGL",0.133118783806543,0.120107944076166,0.524343463232145,0.957257945385472,0.947685365931617,0.0809555823604266,0.116065539419651,0.110019244253635,0.237091531356176,0.234720616042614,0.00998124041619774,0.0137854650722827,0.0542544356517956,0.236818088695697,0.23444990780874
"CN_105605_AGL",0.101741156887662,0.197654897822903,0.834144648597967,1.46135112925972,2.25267950605804,0.0745022123058637,0.0867755338549614,0.114534839987755,0.223474830389023,0.265145560105642,0.00678480860036111,0.0160875184017075,0.0946678991000941,0.328319039250959,0.586299066482721
"CN_105715_AGL",0.26442678340371,0.384633906214409,0.910827813046069,1.454968069592,1.44041838889608,0.0892255355914434,0.117934286594391,0.123847186565399,0.272128760814667,0.26940747320652,0.0237266992666324,0.0450693514279442,0.111351205945418,0.394017156754825,0.390076985187276
"CN_105732_AGL",0.296995268381682,0.276787667457222,0.683078165505539,1.44475985653221,1.43031225796689,0.0864489947756131,0.0951143155495326,0.144837041695913,0.285554319620132,0.282698776423931,0.025757730794967,0.0260223353660726,0.0998601492683081,0.412360408760017,0.408236804672417
"CN_105767_AGL",0.142902529361006,0.234272284616831,0.789510217432506,1.38104872821722,1.607329565109,0.0808456453184287,0.111782538394133,0.129726270834605,0.289859374364217,0.276816386282444,0.0132811536234795,0.0282928776036141,0.102550822328761,0.399827344020715,0.52131563994384
"CN_105777_AGL",0.117671793756588,0.197859414446427,0.659486618419922,1.21513730315496,1.20298593012341,0.0839220310250918,0.0825832933187485,0.14289815723896,0.270884523789088,0.268175678551197,0.00992792107115081,0.0175755701794327,0.0945756100825378,0.336859678054688,0.333491081274141
"CN_105789_AGL",0.199804711170762,0.173435119799025,0.486494175531571,0.874537671844576,0.86579229512613,0.0869240934650103,0.108759589493275,0.110230378806591,0.24300162990888,0.240571613609791,0.0159541325316309,0.0173706402449268,0.0534089334462895,0.211700640058545,0.20958363365796
"CN_105791_AGL",0.253540630696729,0.156783901576556,0.566051689892274,1.14741026964193,1.13593616694551,0.0851510986685753,0.0935960623125235,0.110846305886904,0.240459511677424,0.23805491656065,0.0193795252650591,0.0132004268453953,0.0637450776102787,0.276683342653808,0.27391650922727
"CN_105862_AGL",0.4078229755537,0.538148756379915,1.19292144537808,1.69922332419669,1.7275205847945,0.0836491572360198,0.108091595272223,0.161868661642075,0.31754790743192,0.323434987366199,0.0319446808355198,0.0599823911937689,0.19093391874447,0.55259165521856,0.571686780942441
"CN_105863_AGL",0.17245406359152,0.307649953674326,0.829519364053479,1.32617509125517,1.65408154233722,0.099075011909008,0.117784010867278,0.164652690291405,0.279355098803838,0.301979313890139,0.0168773193178075,0.0380136437956406,0.1336030327041,0.402032085294016,0.502367100288575
"CN_105864_AGL",0.147067656114367,0.245292568847546,0.780424259632933,1.48788282939142,1.61747429945159,0.0789432985087236,0.109756819903851,0.120305995146434,0.256528024872144,0.261017922908068,0.0102825815013602,0.0248784589183718,0.0962659205793591,0.388042565203985,0.431987787888618
"CN_105865_AGL",0.237390748764005,0.403820797986298,1.03885313637145,1.59033092635119,1.57442761708768,0.0992858111858368,0.118800707161427,0.120540122191111,0.30197090903918,0.298951199948788,0.0233270996155542,0.0480881252467504,0.12494850339037,0.481401572748472,0.476587557020987
"CN_105866_AGL",0.290575618435333,0.405035397564598,1.1659420403504,1.7531337700497,1.7356024323492,0.0889113495747248,0.12016499787569,0.134777640302976,0.317277272542318,0.314104499816895,0.0241027268468077,0.0492866237033778,0.157968667956646,0.556246928089628,0.550684458808732
"CN_105895_AGL",0.141383134941982,0.211721678931533,0.713489089536057,1.20934147169875,1.19724805698177,0.0588418046633402,0.0675866690774759,0.110238236685594,0.253003656864166,0.250473620295525,0.00797923935353231,0.014750781812658,0.0831820601844341,0.311536697528665,0.308421330553378
"CN_106265_AGL",0.216418114939797,0.297047845733571,0.978175707952544,1.61266737626985,1.91884682063319,0.105313551922639,0.126447280248006,0.125368585189184,0.318534851074219,0.359612742761771,0.0223873381166224,0.0376376916899814,0.122414556725226,0.514696782290916,0.686661360082251
"CN_108369_AGL",0.50833691087868,0.615775643836425,1.22783435725234,1.77033616081183,1.75263279920371,0.0721746596197287,0.106956717868646,0.150853857398033,0.278057893117269,0.275277314186096,0.0358632866744789,0.0675689672683795,0.191586457351008,0.492565167534969,0.487639515859619
"CN_108370_AGL",0.119480947022998,0.176859920890238,0.60611655313632,1.27707385908923,1.82426411704428,0.0830231811851263,0.0984883531928062,0.119046922773123,0.28353987634182,0.320457249879837,0.00900254451732558,0.0165955941855718,0.0718596215851928,0.364204234934092,0.585634036056654
"Crimson_AGL",0.196395860862215,0.193450253998195,0.722427437728416,1.31188922501714,1.29877033276697,0.0758679248392582,0.0934382205208143,0.104518766204516,0.260933324694633,0.258323991447687,0.0146010274994249,0.0179216576115216,0.0755530672220156,0.342692893810464,0.339265964872359
"DPL_62_AGL",0.124726209768789,0.214564300988682,0.655628370854513,1.20646334264232,1.19439870921589,0.0859291702508926,0.104232840240002,0.12879974146684,0.296128799517949,0.29316751152277,0.0103306922661779,0.0219638109386299,0.0842504647492637,0.357286542752091,0.35371367732457
"Eston_AGL",0.280342496334836,0.375750769358931,0.966100031384181,1.47794974001881,1.56064078530141,0.0737780816853046,0.0948075825969378,0.117177384595076,0.286131153504054,0.285575893421968,0.0201489059221454,0.0354426217394476,0.117565035435806,0.429527747291864,0.452207420291883
"Gudo_AGL",0.367455678457247,0.502232714833971,1.21271041522711,1.77973949396684,1.76194209902718,0.0699639618396759,0.0993439257144928,0.128330830484629,0.310848623514175,0.307740137279034,0.0251759032502629,0.0498662314449859,0.157372190235427,0.559776108767883,0.554178347680204
"IG_1046_AGL",0.152980371772987,0.196991391629036,0.585349574970194,1.2448129940334,1.23236486409307,0.0756623620788256,0.100326639910539,0.105459628005822,0.262018963694572,0.259398774057627,0.0118283309792954,0.0199122968505242,0.0623342355028313,0.330347881864203,0.327044403045561
"IG_1706_AGL",0.249077825696192,0.196362202473423,0.674230673940601,1.26370158136389,1.25106456555025,0.0895426993568738,0.104347951710224,0.104452463487784,0.277241319417953,0.274468906223774,0.0243502741661054,0.0202252482536133,0.0701715523052557,0.354408429414081,0.35086434511994
"IG_1959_AGL",0.230957774357497,0.199260921224814,0.615901833273131,1.30009117580282,1.28709026404479,0.0877836669484774,0.101842078069846,0.115966759622097,0.268693968653679,0.266007028967142,0.0196181491979406,0.0202869406015744,0.0715330444255821,0.350035062596876,0.346534711970907
"IG_4258_AGL",0.154304409885756,0.181404805186908,0.625087292180462,1.12236016696554,1.11113656529589,0.0861962387959162,0.113288996120294,0.107009954750538,0.270379801591237,0.267676003575325,0.0125187533017972,0.0206965210836775,0.0675759707684925,0.306887348546759,0.303818475061291
"IG_4781_AGL",0.336336254999048,0.243874947043503,0.788335381383327,1.42958266980432,1.97319765863794,0.091776005923748,0.102179799228907,0.115941169361273,0.244306017955144,0.299768010775248,0.0286472783665486,0.0255120000473148,0.0913737992439842,0.354421395847325,0.596959701240507
"IG_858_AGL",0.147936426603092,0.229330228122376,0.701688902782519,1.38143816497509,1.36762378332534,0.0806052858630816,0.10091707855463,0.125910180310408,0.290367985765139,0.287464305907488,0.0117010972440612,0.0229923905276304,0.0896649098069534,0.406234694219956,0.402172347277756
"ILL_10657_AGL",0.219012683226194,0.424145982900576,1.10230944195736,1.53572994776921,1.52037264829152,0.0819632671773434,0.10091470927,0.140408180654049,0.303951069712639,0.300911559015512,0.018042869185023,0.0431897918588987,0.155226046714849,0.467923559759383,0.463244324161789
"ILL_10748_AGL",0.325002750938237,0.584383278548344,1.12628122637036,1.33423488072122,1.32089253191401,0.101595848798752,0.12940872212251,0.177310208479563,0.358260273933411,0.354677671194077,0.0329600748973929,0.0765302980097775,0.201838316628794,0.481317739072012,0.476504561681292
"ILL_11547_AGL",0.145563852626501,0.146166546878117,0.581159407457971,1.27071686635518,1.25800969769163,0.0922851537664731,0.105751054982344,0.117547248800596,0.265134955445925,0.262483605891466,0.0134969797522442,0.0163138206650423,0.0689166513267223,0.336478778714687,0.33311399092754
"ILL_11548_AGL",0.113809687010327,0.132568043706989,0.489373677280269,1.01238850884557,1.096438883671,0.060685774932305,0.0843332409858704,0.0850019690891107,0.217417528231939,0.229308772832155,0.00711591819746228,0.012831629096589,0.0478847465039998,0.248629571646156,0.268454118467134
"ILL_11553_AGL",0.238121128518863,0.180736309891618,0.732599067929498,1.11342180726447,1.10228758919183,0.0769010732571284,0.102187683184942,0.104863566656907,0.262457932035128,0.259833352714777,0.0175609339610646,0.0181967605898254,0.0771403164827341,0.297699122684622,0.294722131457776
"ILL_11555_AGL",0.0767836010147209,0.115974436074039,0.615365426260632,1.12158215570767,1.1103663341506,0.0734374870856603,0.0942499116063118,0.103738536437352,0.244728023807208,0.242280743569136,0.00594756526012665,0.0113074692228666,0.0660121544337504,0.276529447169588,0.273764152697893
"ILL_11557_AGL",0.139027747158299,0.233009573738928,0.856743318954052,1.3950477959609,1.3810973180013,0.0608974123994509,0.0865990370512009,0.130264967679977,0.295172234376272,0.292220512032509,0.00863213285187134,0.0202069291976359,0.110443330044188,0.41351833154832,0.409383148232837
"ILL_11558_AGL",0.124714948601762,0.220618000178317,0.564113736494901,1.09270352165603,1.08177648643946,0.0841222442686558,0.107336794336637,0.141118330260118,0.263816550374031,0.261178384870291,0.0113609318338569,0.0259147432608725,0.0852080232919876,0.287348754786752,0.284475267238885
"ILL_1220_AGL",0.281678983267022,0.205533465090929,0.513170003036273,0.906167095379915,1.728272376229,0.0783683657646179,0.101958706974983,0.106249071657658,0.22669479995966,0.230643711984158,0.0204998308486472,0.0209129519362385,0.0559122552043585,0.207678510402919,0.397630498491962
"ILL_1553_AGL",0.149649828231694,0.237622522515357,0.766751883501375,1.29972582107348,1.50835992421075,0.0870973728597164,0.100145772099495,0.122473694384098,0.247090026736259,0.251663885563612,0.0130651747446682,0.0231497811485764,0.0934006217006491,0.324516671175836,0.388447347305549
"ILL_1762_AGL",0.143408528365831,0.111018088422439,0.398306580730531,1.03418334259081,2.06600007746618,0.0727568839987119,0.0937612031896909,0.0696504476169745,0.195407301187515,0.235569790005684,0.0120108266475083,0.0100746673441314,0.0280327939628077,0.205024582882478,0.484988806484622
"ILL_1983_AGL",0.120560521627481,0.145187066274546,0.518990562254061,1.03825240753583,1.02786988346047,0.0870218699177106,0.0985667159159978,0.103505318363508,0.258117750287056,0.255536572784185,0.010838011398108,0.0138613604183605,0.0545179506306522,0.267294813718932,0.264621865581742
"ILL_213_AGL",0.106073624956629,0.159761115848283,0.598565707013604,1.2525219829472,1.23999676311773,0.0638808322449525,0.0811144361893336,0.109510203202566,0.284905274709066,0.282056221961975,0.006393587609013,0.0125575596261223,0.0653996163807797,0.356388026651799,0.352824146385281
"ILL_2194_AGL",0.254967296685767,0.335519331675033,0.783533607370535,1.41576530772064,1.63034573421624,0.069515864054362,0.0852382555603981,0.125521960357825,0.258533621827761,0.258962662716707,0.0176844843292842,0.0282596515055022,0.0994711796469486,0.369769990532968,0.417769558322186
"ILL_2507_AGL",0.271516994148927,0.241260040855531,0.779125421895121,1.35558858862251,1.34203270273628,0.0669666516284148,0.0848116129636765,0.128145468731721,0.289341807365417,0.286448389291763,0.0180112084951628,0.0209293349252332,0.10070190241453,0.39573685277363,0.391779484245894
"ILL_2580_AGL",0.220512802404351,0.239170407130555,0.725229489633653,1.37453973501102,1.3607943376609,0.0604961564143499,0.0764400288462639,0.130415310462316,0.266842926541964,0.264174497276545,0.0152863394913187,0.0183893519890543,0.0945813731866793,0.367459582551535,0.363784986726019
"ILL_28_AGL",0.272673244055346,0.443536616300408,0.957587327289282,1.46686541694996,1.45219676278046,0.0699144278963407,0.0979695344964663,0.126067511737347,0.299785802761714,0.296787944734097,0.0192383555606358,0.0433579160093913,0.120877742274645,0.439971763993212,0.435572046353279
"ILL_3025_AGL",0.144765462403054,0.144411905327878,0.609814992496887,1.27207889903844,1.25935811004806,0.0705229565501213,0.107122585177422,0.100373600920041,0.285015602906545,0.28216544687748,0.0100152261739568,0.0153343228168772,0.0625554879690979,0.365798469611864,0.362140484915746
"ILL_313_AGL",0.241966386343328,0.198871426001384,0.789111988847072,1.4747965504116,1.46004858490748,0.0709723023076852,0.0931887353459994,0.109900405009588,0.27518763144811,0.272435755133629,0.0160742849563837,0.0184005245677186,0.0863167310870322,0.405366119973608,0.401312458773872
"ILL_3347_AGL",0.121839616936969,0.177723496485881,0.69725444080621,1.21245448864012,1.20032994375372,0.0743807256221771,0.0802999921143055,0.108735797305902,0.263377785682678,0.260744007825851,0.00926412979751757,0.0140969263053357,0.0751732587205,0.326659688488835,0.323393091603946
"ILL_358_AGL",0.220698459464961,0.256793978611183,0.840622535898377,1.53157856056417,1.51626277495853,0.0834951549768448,0.10718929519256,0.138116657733917,0.300448258717855,0.297443776130676,0.0187491191761436,0.0270456270946701,0.116101495603746,0.459789710980283,0.45519181387048
"ILL_3597_AGL",0.102758456513316,0.151518232770432,0.764193376561751,1.44329734968497,1.42886437618812,0.0612441245466471,0.0760829895734787,0.0938938036561012,0.25192005187273,0.249400851354003,0.00627356980167881,0.0115470830528768,0.0744277974261053,0.366604458257052,0.362938413674481
"ILL_4164_AGL",0.127453367624709,0.206804752875524,0.746005775278683,1.37678746290115,1.36301958827213,0.0808328092098236,0.101293869316578,0.0985633159677188,0.275424361228943,0.272670117616653,0.010105706526359,0.0208691348092171,0.0736644877760065,0.38047602003861,0.376671259838224
"ILL_4400_AGL",0.326521821948118,0.423665598963407,1.10238440351023,1.80372689211153,1.78568962319042,0.0828917746742566,0.111356603602568,0.131405621767044,0.288430939118067,0.285546629726887,0.0269683077864022,0.050651982590479,0.148728893260563,0.520877309060335,0.515668535969732
"ILL_4605_AGL",0.365644253961006,0.605359430762534,1.17168400117774,1.59141717488294,1.57550300313411,0.108987549940745,0.140497734149297,0.186489035685857,0.331820865472158,0.328502656817436,0.0394819780011618,0.0885216591486193,0.218546291931011,0.530432514178654,0.525128189036867
"ILL_4609_AGL",0.104544781130695,0.151242297169389,0.628152693822745,1.24471967152508,1.72241661954261,0.0641124807298183,0.0831734463572502,0.0823517168561618,0.207632770140966,0.228420401612918,0.00684206991304727,0.012568603143185,0.0520896758094444,0.258623308949677,0.395955417225325
"ILL_4665_AGL",0.386447520668306,0.534079522978122,1.15175865666549,1.72550327880276,1.70824824601473,0.0902044425408045,0.132406825820605,0.146818255384763,0.305526514848073,0.302471249699593,0.03424198279554,0.0709812268748885,0.174060236194063,0.540988339701677,0.535578456304661
"ILL_4671_AGL",0.263652446190476,0.385401141205997,1.00667569036447,1.71440116207322,1.97671276985078,0.102751995126406,0.118369959294796,0.15700364112854,0.288702373703321,0.297581214209398,0.0260548753661654,0.0455671694737093,0.155754033094724,0.490901868879045,0.576189827824694
"ILL_4768_AGL",0.155307323444985,0.173753241061846,0.52578522462073,1.09338767299048,1.08245379626058,0.0820029303431511,0.0998943224549294,0.114575830598672,0.269643341501554,0.266946908086538,0.0134565408476475,0.0192138820002574,0.0661150394958861,0.313419344651753,0.310285151205235
"ILL_4782_AGL",0.171778888895383,0.215232496373821,0.561144367710607,1.07541507801435,1.06466092723421,0.0762758714457353,0.0950414141019185,0.109412071605523,0.259795943895976,0.257197984457016,0.013552985117244,0.0193125424160359,0.0621487868842251,0.280672263849363,0.277865541210869
"ILL_4783_AGL",0.366778995937022,0.479224643760553,1.09742054366983,1.75152935797915,1.73401406439936,0.0835527007778486,0.114417726794879,0.149318888783455,0.321821729342143,0.318603512048721,0.0306495852461343,0.054135679365475,0.165122700392693,0.561356424346101,0.55574286010264
"ILL_4804_AGL",0.160815409889333,0.30403423169532,0.860191440760632,1.43279271570001,1.41846478854301,0.0874959925810496,0.109272355834643,0.10419004658858,0.279874970515569,0.277076220810413,0.0145003798410273,0.0335913472334136,0.0897625790039871,0.403229281228101,0.39919698841582
"ILL_4875_AGL",0.112413054562802,0.141373868763925,0.574407144065406,1.22333947611181,1.60535422877587,0.0866344918807348,0.0941725807885329,0.112469991048177,0.253624141216278,0.296903228461742,0.00967085392629379,0.0114647987473392,0.0657895746325615,0.317067090021227,0.482457418612104
"ILL_4956_AGL",0.319794215483845,0.560559578629297,1.33977966568143,1.99547499971113,1.97552024971401,0.0476039350032806,0.0847997814416885,0.122829202562571,0.304856166243553,0.301807604581118,0.0151903703813895,0.0475363950081575,0.165695562112147,0.608343866533856,0.602260427868517
"ILL_5058_AGL",0.186005500162845,0.330237286256846,0.829737340398434,1.35724647849604,1.34367401371108,0.0844089513023694,0.111806494494279,0.120839223265648,0.253563329577446,0.251027696281672,0.0152592318907628,0.0353815351332086,0.100103562809762,0.345489087878019,0.342034196999239
"ILL_5151_AGL",0.189464723140929,0.327495283197179,0.950844460378989,1.5787044788958,1.56291743410684,0.0848111634453138,0.0938979263106982,0.13905922571818,0.297043184439341,0.294072752594948,0.0159725219032538,0.0316651600233286,0.133196764678405,0.473748380134332,0.469010896332988
"ILL_5209_AGL",0.150330494393219,0.269469691843459,0.736248254389183,1.23079991957266,1.21849192037693,0.0789851769804955,0.0917748262484868,0.136684094866117,0.289048393567403,0.286157909631729,0.0118051799834653,0.0239051200576422,0.102656345143747,0.362687622119928,0.359060745898728
"ILL_5480_AGL",0.190180332767536,0.246791440587112,0.792281809104053,1.51640882295538,1.50124473472583,0.0742590601245562,0.0929579238096873,0.115762549142043,0.284035181005796,0.281194829195738,0.0143648532299172,0.0231783185740369,0.0921693036501807,0.431180643736851,0.426868837299483
"ILL_5639_AGL",0.232739927410394,0.305307649099854,0.789349366513909,1.43562623410815,1.60049593888551,0.0710402292509874,0.104135513305664,0.115044054885705,0.289261390765508,0.292585508525372,0.015717242984587,0.0315337205150481,0.0916773517675045,0.416310184557922,0.470435695703788
"ILL_5722_AGL",0.31291426075267,0.45361426210411,1.06551825375991,1.5860208229069,1.57016061467783,0.0781804223855336,0.112816462914149,0.128680519759655,0.338936279217402,0.335546916425228,0.0238502376753138,0.0534427733219162,0.141245078014321,0.54501951502882,0.539569319878532
"ILL_5883_AGL",0.330918934065728,0.348515587120138,0.85529761643351,1.48749822327794,1.47262324104516,0.0964638317624728,0.126474981506666,0.148274292548498,0.336784988641739,0.333417138755321,0.0329399152594715,0.044738617493173,0.127089717169983,0.500709364609891,0.495702270963792
"ILL_5888_AGL",0.158261517071371,0.227109121351109,0.502100050676467,0.595048969259773,0.590174291359345,0.105259459465742,0.0980834774672985,0.153919719159603,0.165088713169098,0.199720988720655,0.0170593677680299,0.0224267492157713,0.0748222283520994,0.109877669418774,0.123494473701019
"ILL_5945_AGL",0.154052451206119,0.243997194255774,0.654049383705038,1.03628063151904,1.02591782520385,0.086891104777654,0.107247824470202,0.122230519851049,0.298241923252742,0.295259504020214,0.0141101898064238,0.0268736584943782,0.0807665584593869,0.310587883209629,0.307482004377532
"ILL_6002_AGL",0.242709289652093,0.341828215880035,0.693955037235926,1.15169547562581,1.14017852086955,0.0802318155765533,0.0979526887337367,0.153900275627772,0.315561940272649,0.312406320869923,0.0195747824533843,0.0337636868863779,0.10769714152034,0.366422153351985,0.362757931818465
"ILL_618_AGL",0.219132528209074,0.276677858928926,0.841406963572297,1.56108571658918,1.54547485942329,0.0626885207990805,0.0815516983469327,0.125984075168769,0.298657069603602,0.295670498907566,0.0143696995501945,0.0228161165054583,0.106207645411138,0.468963615599812,0.464273979443813
"ILL_6182_AGL",0.271920996406364,0.210462974066648,0.710806634016764,1.26194043819905,1.16661042816862,0.0756267483035723,0.0877511401971181,0.102967056135337,0.229789127906164,0.267886062214772,0.0194609157908421,0.0181064226700884,0.0758612731387423,0.290058432063572,0.310930531600145
"ILL_6211_AGL",0.324135199379016,0.383203663195761,0.972452786874522,1.5096878433087,1.49459096487561,0.0870580499370893,0.097418375313282,0.1656081477801,0.316795150438945,0.313627198934555,0.0282645781178153,0.0378748455533305,0.161245253165949,0.478961464323044,0.474171849679813
"ILL_624_AGL",0.144289335579265,0.241106260544795,0.732587820097113,1.39566616568896,1.83399488966542,0.0791593665877978,0.0795982132355372,0.125095364948114,0.262043943007787,0.340639730294545,0.0111676149785345,0.019460510661064,0.0971226575714355,0.382467675781951,0.594972578496646
"ILL_6821_AGL",0.259049774600707,0.346524243079127,1.0156063819224,1.62759301256029,1.70332093458609,0.0821116467316945,0.092498483757178,0.13979863623778,0.295155574878057,0.306564140170813,0.0182527070036905,0.0317596547810665,0.139713263981026,0.480591112397338,0.681254081037086
"ILL_6853_AGL",0.301344097277725,0.532508877535058,1.3175272173562,1.84044699026607,1.82204252036341,0.0946690713365873,0.131270048518976,0.150063355763753,0.360165188709895,0.356563536822796,0.0281777845908523,0.069834178570972,0.197813545258197,0.662825726870139,0.656197469601438
"ILL_7089_AGL",0.206564163695404,0.40454841195199,1.05179930056096,1.61674865394955,1.60058116741006,0.0804689799745878,0.0962907647093137,0.117410483459632,0.268580307563146,0.265894504487515,0.0173482015538323,0.03929104573467,0.126104647491798,0.435059540159427,0.430708944757833
"ILL_7558_AGL",0.293799598742339,0.426163851594349,0.921577963077838,1.37009800924407,1.35639702915163,0.0886677044133345,0.126157383124034,0.158795058727264,0.32344388961792,0.320209450721741,0.0266988347104868,0.055477639298587,0.15001771369733,0.452693575752985,0.448166639995456
"ILL_7663_AGL",0.187117791876076,0.207245478809631,0.551536273745161,0.724585736459042,0.717339879094451,0.094166340927283,0.11539622147878,0.128075294196606,0.255802243947983,0.253244221508503,0.0179449655369017,0.0254381487419333,0.0717151502640118,0.186514719600237,0.184649572404234
"ILL_7668_AGL",0.160755888005806,0.11298684016953,0.408572236409965,1.07039658958455,1.05969262368871,0.0958715230226517,0.109280263384183,0.105027390023073,0.244737163186073,0.242289791554213,0.015802459791694,0.0116511872985725,0.0423437789185755,0.261561726687406,0.258946109420532
"ILL_7716_AGL",0.33742555031656,0.523480870815928,1.12543952132926,1.55815258047171,1.54257105466699,0.0938049430648486,0.141999122997125,0.177002131938934,0.364255587259928,0.360613031387329,0.0328275855756914,0.0774678976872542,0.203141540225025,0.575849677876634,0.570091181097868
"ILL_7747_AGL",0.0528482089853113,0.137678042009515,0.658883757952665,1.34177114239919,1.74454727705781,0.0944574251770973,0.110271895925204,0.0919318869709969,0.241496960322062,0.295736243327459,0.00499463797383049,0.0151679952728189,0.0572229847888491,0.332711422355067,0.515596378672006
"ILL_7946_AGL",0.312546685697028,0.407892781962815,1.0314242138999,1.65973317347977,1.64313584174497,0.0863345513741175,0.10712464650472,0.153850927948952,0.320274839798609,0.317072091400623,0.0275027934348998,0.0449504224268868,0.159747539304897,0.530289042035738,0.524986151615381
"ILL_7978_AGL",0.203781700118628,0.322064911202083,0.886610866083985,1.28284860631266,1.27002012024954,0.0748229548335075,0.0861285477876663,0.130196856955687,0.288719688852628,0.285832491964102,0.0152067327628249,0.0274061479731951,0.119743370725905,0.383177021964573,0.379345251744928
"ILL_7979_AGL",0.147941557927874,0.0864526521572837,0.462026207431681,0.981231785329194,0.971419467475902,0.075346236427625,0.109165710707506,0.099888247748216,0.278057555357615,0.275276979804039,0.0114426832916868,0.0101126013618706,0.0492534905250053,0.289276447196385,0.286383682724421
"ILL_8007_AGL",0.168968390477373,0.132744666377617,0.501285851935016,0.715394465940167,0.708240521280765,0.0893032674988111,0.109218895435333,0.102115991214911,0.221162870526314,0.218951241821051,0.0150255557617334,0.0150623924121595,0.0517903270348697,0.17519601076807,0.17344405066039
"ILL_8009_AGL",0.0529719511660031,0.0838676428309171,0.42606795424963,0.92844497299337,0.919160523263437,0.0688045471906662,0.0877416282892227,0.0844253723820051,0.206553647915522,0.204488111436367,0.00371684452393766,0.00731161237291776,0.0358417293099268,0.198786550461687,0.19679868495707
"ILL_8010_AGL",0.148781107548611,0.20177143084527,0.623081836967097,1.04561324313136,1.03515711070005,0.0810889440278212,0.0932181552052498,0.109779040018717,0.222925469279289,0.220696214586496,0.0126031799101164,0.0180691779170889,0.0678836253771726,0.244037750088959,0.241597372588069
"ILL_8072_AGL",0.355677693232718,0.467827555230235,0.981580962608725,1.58049015177744,1.56468525025966,0.097783920665582,0.121762866775195,0.161133905251821,0.319392343362172,0.316198419928551,0.03572160065051,0.0574913274152195,0.159691112896471,0.505214700496354,0.500162553491391
"ILL_8174_AGL",0.375318422275773,0.524360856088434,1.04926138627364,1.76392855727923,1.74628927170644,0.0815191194415092,0.114304905136426,0.157087172071139,0.340093423922857,0.336692489683628,0.0305776431091117,0.0618627721446336,0.168013528784459,0.598846846326184,0.592858377862922
"ILL_8595_AGL",0.243069282914018,0.196352221949905,0.709348209690414,1.33870249763428,1.32531547265794,0.0701728314161301,0.0978656113147736,0.103300247341394,0.279790863394737,0.27699295476079,0.0171473273960049,0.0191618498939356,0.0732360507213815,0.374756511439151,0.37100894632476
"ILL_9_AGL",0.267411929467768,0.35637934565773,0.982689246587112,1.48752954460782,1.47265424916174,0.0868222663799922,0.104907264312108,0.139681582649549,0.303939004739126,0.300899614691734,0.023942774752665,0.0390005547212506,0.139312933366885,0.451210668175476,0.446698561493721
"ILL_975_AGL",0.230391234383299,0.337972255759072,0.842908688549973,1.47238840749042,1.45766452341552,0.0839338277777036,0.0965448642770449,0.160896355907122,0.322046190500259,0.318825728595257,0.019008049450187,0.0327928776681185,0.134110073214256,0.472486098501953,0.467761237516933
"ILL_9888_AGL",0.116672040869141,0.184136090410962,0.61785191409094,1.18754712048507,1.33964835486969,0.0662586688995361,0.0735465337832769,0.102916287879149,0.229466661810875,0.235791119337082,0.00800135001049143,0.013913109161891,0.0665743226877585,0.275236327489102,0.322446596720027
"ILL_9932_AGL",0.194017703582658,0.187665718642553,0.5757682391554,1.3102299208679,1.29712762165922,0.077516220510006,0.0826828007896741,0.118173316121101,0.253171140948931,0.250639429539442,0.0153068185378938,0.0157575387029265,0.0662962906542757,0.338397844699497,0.335013866252502
"ILL_9945_AGL",0.140850155119356,0.242435597792199,0.680672534440273,1.15141629075639,1.13990212784882,0.093060572942098,0.101941851278146,0.139325561622779,0.294928809007009,0.291979520916939,0.013213264668631,0.0250699625913644,0.0942037904873931,0.337861043379934,0.334482432946134
"ILL_9977_AGL",0.145453242777257,0.103771869100527,0.425240975428787,0.790453650817487,0.782549114309312,0.0802563304702441,0.101604936023553,0.0971552257736524,0.230923488736153,0.228614253848791,0.0111765154934758,0.011004253282634,0.0471802594741261,0.199160764731745,0.197169157084427
"ILL_9997_AGL",0.130640950857112,0.124341484069959,0.491382037802778,1.01548452516516,1.0053296799135,0.081787017484506,0.108464260896047,0.117799219985803,0.282924016316732,0.280094776153564,0.0115022482754656,0.0132334988883193,0.0576493243187867,0.288429018084643,0.285544727903797
"ILWL_118_AGL",0.135024991247426,0.170737208696101,0.561085800643258,1.18633933037568,1.22548829405986,0.0656220329304536,0.090189869205157,0.0822984725236893,0.210266316930453,0.211708453496297,0.00860644094610211,0.0135101504801624,0.0461377240776916,0.243892594674746,0.254656049037505
"Indianhead_AGL",0.0813516489656338,0.145244430902453,0.685631842850233,1.15116945112605,1.31549827561006,0,0.0864262543618679,0.0970790833234787,0.236222319304943,0.274656292647123,0,0.0126464537552026,0.0689983454723178,0.27804867064404,0.363141008732101
"IPL_220_AGL",0.0733520580638973,0.174963355666335,0.769517505757422,1.2764914367605,1.26372652239289,0.0738496060172717,0.0855342820286751,0.118229160706202,0.265736490488052,0.263079125583172,0.00579598467718654,0.0154277827766348,0.0908079337723728,0.342221983564621,0.338799763728975
"Laird_AGL",0.261928054153972,0.361192946793906,0.834062505774174,1.41953864513623,1.40534325868487,0.12434957921505,0.141075303157171,0.168774008750916,0.337023288011551,0.333653055131435,0.0307049176138464,0.0500509683616954,0.141448404899676,0.481378758228102,0.476564970645821
"LIRL.22.46_AGL",0.221918642994683,0.301840397302293,0.732642295156519,0.884602428783919,0.87575640449608,0.0939778201282024,0.121645156294107,0.131464634090662,0.267093971371651,0.264423031657934,0.0196718036630586,0.0367527324922652,0.0975439556763292,0.240909818162694,0.238500719981067
"PI_163589_AGL",0.15552621585817,0.260004352271334,0.804626854816355,1.38107803524552,1.43477323260902,0.0996343692143758,0.115655039747556,0.124956327180068,0.27717649936676,0.282899051407973,0.0155900194784477,0.0295102527232699,0.100777066194012,0.382340263835523,0.40833029085022
"PI_169534_LSP_AGL",0.11142671695709,0.139722378687871,0.548486724216735,1.173343125234,1.31405307293519,0.0890945618351301,0.0874483833710353,0.136848742763201,0.246202185750008,0.259032064527273,0.00967642919797438,0.0108735473772719,0.0755520340837869,0.288303737122173,0.338576886858287
"PI_175754_LSP_AGL",0.127867671262473,0.203869435844016,0.684523762077865,1.20986744863676,1.19776877415039,0.072810061275959,0.0902069633205732,0.0942074880003929,0.224277943372726,0.222035163938999,0.00953564803559095,0.0183096217161254,0.0656546979326324,0.272522976284641,0.269797746521795
"PI_177430_LSP_AGL",0.118701495803868,0.128043377762925,0.480502845930428,1.01676389982546,1.25124068363985,0.0677760504186153,0.0830184643467267,0.099037637313207,0.203641558686892,0.249116886158784,0.00855852526481295,0.0103972633874231,0.0474478586908857,0.207782834243157,0.327163742199623
"PI_178939_LSP_AGL",0.228228370360471,0.25377808404964,0.83763759586602,1.5415831908272,1.52616735891893,0.0734824289878209,0.0899426465233167,0.11465709656477,0.31012166539828,0.307020448744297,0.0162832798786934,0.0224836928869288,0.0968884278640292,0.478933272889726,0.474143940160829
"PI_178952_AGL",0.159060927263503,0.160070118562593,0.531032960118881,0.904424955027617,1.01679969108135,0.0805744603276253,0.0824624126156171,0.110997778673967,0.199383472402891,0.22296387642622,0.0126004973914901,0.0125414452156855,0.0616397909542553,0.193059544815105,0.241156028614747
"PI_178971_LSP_AGL",0.136176536304838,0.152862153350531,0.561258458022718,1.21653958990155,1.55898885233172,0.0752561601499716,0.0975749269127846,0.0851940636833509,0.234461242953936,0.233517708877722,0.00980335110060077,0.0142435027616271,0.0477101349883497,0.282293518635277,0.359248240407891
"PI_179324_LSP_AGL",0.0983983427285273,0.187631923573197,0.788071560432778,1.34038372280527,1.32697988557722,0.0686997137963772,0.0826703359683355,0.0967051138480504,0.257701714833577,0.255124697685242,0.00659781678906673,0.015255598864697,0.0762141560328401,0.34557283038735,0.342117102083477
"PI_179330_AGL",0.261866124114926,0.345765089742601,0.807778208941668,1.30182945896124,1.28881116437163,0.0736643150448799,0.0948366944988569,0.13851818193992,0.254915515581767,0.252366360425949,0.020631556175661,0.0336609426053353,0.127893029528275,0.341144049134767,0.337732608643419
"PI_181771_LSP_AGL",0.155288537442198,0.215739511866042,0.659559026448853,1.33846939293251,1.32508469900318,0.0887225096424421,0.105295732617378,0.102501459419727,0.276758362849553,0.273990779221058,0.0134272905756462,0.0229301948177391,0.068571270846734,0.375437347651011,0.371682974174501
"PI_181886_LSP_AGL",0.27057920234257,0.362898414578432,1.0822907587654,1.69263228808711,1.67570596520624,0.0855778778592746,0.12040426582098,0.131966332594554,0.343593746423721,0.340157808959484,0.0226764400531943,0.0426581833370108,0.143138993553201,0.582030773048983,0.576210465318494
"PI_182217_LSP_AGL",0.116239619853239,0.172411838364965,0.586657980805923,1.10834564627842,1.09726218981564,0.0771010604997476,0.0966445865730445,0.102790566782157,0.23246394097805,0.23013930156827,0.00802271607355273,0.0149227502413241,0.0593099965478534,0.25953155219072,0.256936236668813
"PI_193546_AGL",0.129881322179703,0.156543349606495,0.542481376299795,1.01516047645829,1.00500887169371,0.0819384294251601,0.0983917166789373,0.105263032019138,0.232209458947182,0.22988736435771,0.0102635066575243,0.0147142567626035,0.0561347862537624,0.240284946787168,0.237882097319296
"PI_193547_LSP_AGL",0.100024219019235,0.120319919764839,0.465966548180919,1.17632115430958,2.33373170474725,0.0573391777773698,0.0678284242749214,0.0963963915904363,0.195572773615519,0.241558253765106,0.00579164814592027,0.00820810121984026,0.0440907582570691,0.230595708313316,0.559214225572891
"PI_193548_LSP_AGL",0.0889148595743197,0.11752711935221,0.448233176837881,0.913213738849196,0.904081601460704,0.116072360426188,0.101562507450581,0.12192216143012,0.205532364547253,0.20347704090178,0.0103855916723098,0.0119823873039664,0.0539322032993826,0.188708037311544,0.186820956938429
"PI_193550_AGL",0.175085261984682,0.159479998903018,0.495458616328593,0.905757261824944,0.896699689206695,0.0777377709746361,0.10059184829394,0.104123999675115,0.271701325972875,0.268984312713146,0.0136996751417406,0.0163225183010661,0.0525635831122079,0.250695788908059,0.248188831018979
"PI_207492_LSP_AGL",0.205107190324215,0.191820313213968,0.742985778712409,1.4340399683451,1.78141911721407,0.0623470942179362,0.0847997764746348,0.0889981885751088,0.25755649805069,0.259301350216071,0.0119611028263135,0.0160364402565614,0.0660611397890095,0.367977531055255,0.453838995556655
"PI_209858_LSP_AGL",0.16512090369732,0.0847602851741434,0.354913803786214,0.765067728433489,1.15435398140227,0.0866054942210515,0.108368046581745,0.102650453646978,0.220518966515859,0.223206394811471,0.0167331358895354,0.00943318423314338,0.0371081115842992,0.178353857169384,0.26218520279629
"PI_211052_LSP_AGL",0.100747531858418,0.224560630463621,0.748076438343035,1.32871416479693,1.77677532209077,0.0710857398808002,0.0837415556112925,0.115664305786292,0.266930421193441,0.280640453100204,0.00716474837698688,0.0191501655890425,0.0866263895988765,0.355748857385078,0.496008790026863
"PI_212100_LSP_AGL",0.105038340032034,0.144060856856168,0.571668356486229,1.26530043337952,1.55106366637973,0.0948725069562594,0.108537447949251,0.106268629431725,0.265764678517977,0.267486727833748,0.0100877393022858,0.0156880579113832,0.0597563750681416,0.338114745643495,0.41299438178723
"PI_212610_LSP_AGL",0.160748128491,0.164713238089722,0.688707595651829,1.29608146881078,1.93831811484033,0.0883611341317495,0.0852528226872285,0.112760389844577,0.228832547863324,0.269667570590973,0.0136910933474878,0.0146692854032996,0.0739226159080348,0.310628884090009,0.530955208050626
"PI_217949_LSP_AGL",0.109908948489959,0.114826182833506,0.480293556545503,1.21345145873721,1.20131694414984,0.0864659622311592,0.108243480324745,0.0976834073662758,0.250417612493038,0.247913436368108,0.00908715500283823,0.0120089234841822,0.0467219474628202,0.303974589518927,0.300934843623738
"PI_238758_LSP_AGL",0.331220061132632,0.549935340738686,1.15926959935427,1.74737033287622,1.72989662954746,0.0761791368325551,0.10342071702083,0.133963326613108,0.292729238669078,0.289801946282387,0.0251715515202598,0.0562469042488533,0.155400798058751,0.51169931886519,0.506582325676538
"PI_244046_AGL",0.165220302779487,0.20579912998449,0.485168075449365,0.765547977090947,0.757892497320038,0.0684170462191105,0.0768262917796771,0.105797675748666,0.219497328003248,0.217302354723215,0.0110659935974696,0.0158884323058225,0.0512600726352871,0.185803607402909,0.18394557132888
"PI_250156_LSP_AGL",0.304402646677886,0.200622743156826,0.581918397496035,1.11960726785504,1.65105318151557,0.0740277493993441,0.0777228722969691,0.0859732801715533,0.168601498007774,0.206530933578809,0.0228810982076991,0.0155899318347766,0.0487525131285406,0.187692452405946,0.341759543302827
"PI_250158_LSP_AGL",0.120954265800486,0.147390410197982,0.633488631192784,1.15255258789578,1.14102706201682,0.0644138008356094,0.0880606497327487,0.112013275424639,0.271880805492401,0.269161997437477,0.00849158356739792,0.0128023062243694,0.0708770017703586,0.315123927024101,0.31197268775386
"PI_251248_LSP_AGL",0.227163589916461,0.133342658151076,0.320770256970605,0.627707374696963,0.621430300949993,0.0979939885437489,0.113905925303698,0.0893882811069489,0.193736359477043,0.191798995882273,0.0219375986256161,0.0154685956314517,0.029536423131002,0.12695047532287,0.125680970569641
"PI_273664_LSP_AGL",0.155181238744806,0.204623592642683,0.711235847168576,1.33256562236475,1.34222915686456,0.0702941740552584,0.0950280154744784,0.0770168056090673,0.222103993097941,0.233746112634738,0.0113986902785981,0.0194513381154681,0.0549472505728017,0.293976164937481,0.315363267875509
"PI_280686_AGL",0.235889792119841,0.297614047314129,0.844947342100697,1.36455202765302,1.35090650737649,0.0775571006039778,0.100392584999402,0.122001335024834,0.28022622068723,0.277423958480358,0.0181584965405082,0.0296434682568045,0.106640060088649,0.395893089095981,0.391934158205021
"PI_283604_LSP_AGL",0.273684940568012,0.429648763408363,0.903435089944456,1.54830353232801,1.53282049700473,0.0630596900979678,0.0948144470651944,0.144250889619191,0.270394345124563,0.267690401673317,0.0174493839877361,0.041303925645316,0.130694720015424,0.418793762457858,0.41460582483328
"PI_289066_AGL",0.0822098111289173,0.137287334848444,0.577638313170256,1.17336385214645,1.72045102319224,0.0710439247389634,0.0809035996596019,0.101204715669155,0.244520599643389,0.27322060863177,0.00543889479210318,0.0103958168151419,0.0585643753823207,0.286085083851294,0.472754886218192
"PI_289073_LSP_AGL",0.157513088284637,0.159195300089606,0.633973090039919,1.13560817773743,1.46832866889025,0.0642278914650281,0.0899827455480893,0.0898000597953796,0.208695724606514,0.208362978994846,0.0101778020574447,0.0150777374886425,0.0591558432418358,0.241690556478343,0.295654560688687
"PI_289079_LSP_AGL",0.246994845167278,0.432176658104059,1.12284159473376,1.81730750146371,1.79913442644907,0.068592065324386,0.0904919231931369,0.149316892027855,0.286063452561696,0.283202818036079,0.0169342640879189,0.0395912015886653,0.171103511155779,0.525730573215694,0.520473267483537
"PI_290716_LSP_AGL",0.234913635252392,0.249693223844504,0.827756324021581,1.46354445015803,1.81778235970434,0.101377171774705,0.107913985848427,0.138126119971275,0.297299752632777,0.335090083678563,0.0239135781261699,0.0353286115473629,0.115384497730753,0.43796671051538,0.614052587910752
"PI_297285_LSP_AGL",0.32939303730121,0.527140889191891,1.22323407186126,1.91101413216218,1.89190399084056,0.095434029897054,0.121884857614835,0.131013872722785,0.308770934740702,0.305683225393295,0.0315436145166386,0.0649905217586072,0.161162366284692,0.591567414927339,0.585651740778066
"PI_297287_AGL",0.430114326155532,0.64758088658451,1.27929026030558,1.85658915501346,1.83802326346332,0.0878588358561198,0.130174579719702,0.162532140811284,0.308885832627614,0.305796974301338,0.0386837494518288,0.0866827027858039,0.208710806474558,0.572045957150594,0.566325497579088
"PI_297754_LSP_AGL",0.173462717665121,0.285397373825543,0.844570295226825,1.44511093187506,1.43065982255631,0.0892794554432233,0.110649486382802,0.11250909169515,0.282405445973078,0.279581391513348,0.0154765376418259,0.0316011665808837,0.0946139975935746,0.407590092870555,0.403514191941849
"PI_297767_AGL",0.297269677342694,0.416130314794734,0.976095858051455,1.53199533451012,1.51667538116502,0.0905943637092908,0.120132644971212,0.139065230886141,0.290440966685613,0.287536557018757,0.0261649152382455,0.0513237400762633,0.135599360737122,0.448499088670701,0.444014097783994
"PI_297772_LSP_AGL",0.139017339846038,0.107230391422726,0.499156776987944,1.06050116506546,1.1055387527479,0.0664913753668467,0.0868907297650973,0.0718664713203907,0.196755409240723,0.20453140253822,0.00960433860879378,0.0097129714481021,0.0361576354694045,0.21207535641261,0.228646935774911
"PI_297783_AGL",0.156949177066341,0.254732431735997,0.715512883008501,1.16755685492945,1.15588128638015,0.0810340506335099,0.101226498683294,0.11959233134985,0.286340643962224,0.283477237522602,0.0122032111554936,0.0249360942137274,0.0887900102635061,0.337712191639948,0.334335069723548
"PI_297787_LSP_AGL",0.1934108574429,0.120878240334224,0.456927491708106,0.96750447431581,1.09732047009945,0.0798397933443387,0.0979950726032257,0.0895151148239772,0.230902810891469,0.243547897885243,0.0148271913566884,0.0111897166994908,0.0418601740750745,0.222783386826656,0.275018686929635
"PI_298023_LSP_AGL",0.38372207953217,0.397029326914029,0.95347130490073,1.51952945005703,1.50433415555646,0.083966139703989,0.108318855365117,0.125185760358969,0.31300217906634,0.309872157275677,0.0318649971956289,0.0427957484628194,0.119112294673439,0.476465965545505,0.47170130589005
"PI_298121_LSP_AGL",0.302624023188266,0.539780280144057,1.175615841255,1.78282469926138,1.76499645226877,0.0862210964163144,0.109804391860962,0.16251262029012,0.341500709454219,0.338085702359676,0.0262229869904361,0.0591231616471902,0.192088072878957,0.607095989167075,0.601025029275404
"PI_298122_LSP_AGL",0.279309844154632,0.356460809922282,0.989076089459389,1.58427122978325,1.56842851748542,0.0777036448319753,0.101540031532447,0.119177654385567,0.271071722110112,0.268361004889011,0.0225927600493855,0.0365082043043175,0.117169483700818,0.430447123583692,0.426142652347855
"PI_298357_LSP_AGL",0.160801310884851,0.215233092729022,0.661207966319056,1.19992048282317,1.18792127799494,0.077492818236351,0.098136102159818,0.0958413158853849,0.243052333593369,0.240621810257435,0.0127371586391806,0.0209998534442194,0.0628768881128892,0.299001094976658,0.296011084026891
"PI_298631_LSP_AGL",0.268552878916381,0.49588297985489,1.05919728322816,1.6499448350883,1.63344538673741,0.0861367906133334,0.114164297779401,0.154067819317182,0.303177366654078,0.300145592987537,0.0229220346519665,0.0579655876591014,0.163659834668533,0.50067905111028,0.495672260599178
"PI_298644_LSP_AGL",0.275952097207308,0.481936559808936,1.11810143833688,1.70833154576597,1.69124823030831,0.0751729905605316,0.10312325010697,0.152518689632416,0.302704165379206,0.299677123725414,0.0201310640969885,0.0490973405518966,0.171660768517724,0.517533192005895,0.512357860085836
"PI_298645_AGL",0.187148014763395,0.254976006524034,0.82731977919004,1.42702958433543,1.41275928849207,0.078813244899114,0.0862845132748286,0.13394521176815,0.274970551331838,0.27222084581852,0.0143237926908048,0.0224524237262636,0.111536767798826,0.392768669819484,0.388840983121289
"PI_298921_AGL",0.198173358507241,0.26353561294119,0.725561496061261,1.2544813516141,1.24193653809796,0.0814281428853671,0.101323078076045,0.121448854605357,0.275513211886088,0.272758079767227,0.016335704360786,0.0267867800587838,0.0904650419783928,0.356320206017779,0.352757003957601
"PI_298922_LSP_AGL",0.171682190772418,0.265403728374343,0.72991347988509,1.26530096056374,1.40078771561555,0.0749114366869132,0.0866336673498154,0.104606012503306,0.231393481294314,0.267911777893702,0.0117465973726723,0.0215826208124597,0.0777688046872693,0.291110250466684,0.37929585883529
"PI_298923_LSP_AGL",0.345238642829843,0.492256398028759,1.14808140200462,1.73649182502382,1.71912690677358,0.0922407632072767,0.108662582933903,0.166234478354454,0.299297034740448,0.296304064393044,0.0281097739883787,0.0510559313858953,0.195411811632193,0.519486680603798,0.51429181379776
"PI_299116_LSP_AGL",0.111212862891765,0.245937566235466,0.834788876406623,1.48183264406753,1.69279733173814,0.071067787706852,0.0873039811849594,0.113404716054598,0.251604040463765,0.281778342326482,0.00804646860738242,0.0212484808081331,0.0944870507668933,0.372274480387216,0.480288987849521
"PI_299120_LSP_AGL",0.220570470807219,0.453480524627506,1.12404158623487,1.7184713411931,1.70128662778116,0.0765527784824371,0.103030443191528,0.144194319844246,0.322255998849869,0.31903343886137,0.0168233243995547,0.0465860696208663,0.164917762865151,0.555341680219105,0.549788263416914
"PI_299121_LSP_AGL",0.17006965835589,0.274308209888432,0.818717406832559,1.55088450117385,1.53537565616211,0.0941650246580442,0.105483884612719,0.14198711514473,0.286820143461227,0.283951942026615,0.0154693487777097,0.0270116737405693,0.118647309592956,0.441090153408697,0.43667925187461
"PI_299126_LSP_AGL",0.130751682897206,0.134094687446292,0.526969280460405,1.1001421819114,1.18374306493851,0.0813331566751003,0.0964589230716228,0.101964513460795,0.237024967869123,0.246608130037785,0.00985692535009017,0.0140229442190032,0.0558550646250924,0.268642613232341,0.29509277103009
"PI_299163_LSP_AGL",0.277994164833338,0.187331681007465,0.581908204239898,1.2158702172373,1.20371151506493,0.0878652681907018,0.10503701120615,0.13428737471501,0.252918596069018,0.250389410108328,0.0258444077013524,0.0195007459550109,0.0779382750162062,0.305941939672157,0.302882520275436
"PI_299164_LSP_AGL",0.27478755533667,0.467115930477377,1.08932510677383,1.55299127044786,1.53746135774339,0.095827283958594,0.121898246308168,0.136103997627894,0.283203959465027,0.280371919870377,0.0263045732321701,0.0573656742546511,0.148016251013229,0.443491887295704,0.439056968422747
"PI_299165_AGL",0.281073867488502,0.537197068823356,1.24141329246757,1.80373360982499,1.78569627372674,0.0895171339313189,0.12161873281002,0.13887257874012,0.311557869116465,0.308442290425301,0.0252122693838391,0.065386316590567,0.173666031938685,0.563724808609382,0.558087560523288
"PI_299177_LSP_AGL",0.355750459881958,0.529370064941063,1.17044228521485,1.74277969525974,1.89979134450639,0.0700340593854586,0.107362868885199,0.116761696835359,0.287809282541275,0.286217455367247,0.0245852154093853,0.0568799323914693,0.137303644677934,0.501878300385586,0.542978240177829
"PI_299237_LSP_AGL",0.221969066629438,0.440620246648108,1.10868657274685,1.76616125830299,1.74849964571996,0.0946255102753639,0.112228686610858,0.166027247905731,0.280685861905416,0.277879003286362,0.0207033599931048,0.0482801324803861,0.184794635504683,0.491604896999039,0.486688848029049
"PI_299289_AGL",0.199815161195059,0.321791802355601,0.798760173831041,1.42892733791229,1.56623820052164,0.0811338511606057,0.101296335458755,0.127823310593764,0.27181347211202,0.271592947145303,0.0169617720617224,0.0343600102955377,0.101893871943068,0.391728378901789,0.426670092490857
"PI_299312_AGL",0.288913631400133,0.388250121846165,0.870214306031067,1.30378116676036,1.29074335509276,0.09695186962684,0.139661739269892,0.147456919153531,0.31360403696696,0.31046799659729,0.0280982519045861,0.0556907913334587,0.130736247615959,0.413818003716878,0.409679823679709
"PI_299345_AGL",0.324859933828184,0.349674147668394,0.849751399041734,1.53883143511304,1.84488923776108,0.083253654340903,0.103204789261023,0.128565773367882,0.296199013789495,0.301192911763986,0.0273796241331562,0.0368239880867307,0.11286594733553,0.458476506737534,0.565074909184751
"PI_299351_LSP_AGL",0.142266928795875,0.141511493331967,0.418591079635024,0.952917088318394,1.23355739990663,0.0546240918338299,0.0717970579862595,0.0879577870170275,0.224674721558889,0.223885787179073,0.007803278491403,0.0102188454275534,0.0377211888286445,0.216724958901474,0.273234234897639
"PI_299366_LSP_AGL",0.331238164358985,0.49185137995079,1.01681385589432,1.63294991580903,1.61662041665094,0.094068410495917,0.12987182289362,0.148750344912211,0.323876321315765,0.320637558102608,0.0313699930127538,0.0638214692550351,0.153240600454703,0.531023860643915,0.525713622037475
"PI_299375_LSP_AGL",0.361046159643305,0.702504097556466,1.35965659090369,1.83475449350442,1.81640694856938,0.0933597559730212,0.134150452911854,0.161208043495814,0.335686892271042,0.332330023348331,0.0337994496164075,0.095455565899936,0.219753793854418,0.61528302648873,0.609130196223843
"PI_300250_LSP_AGL",0.031941768537501,0.0852184225628388,0.360641266920342,0.740799852957043,1.15486839386751,0.0683468393981457,0.0949407964944839,0.0714448317885399,0.183835988243421,0.203144281109174,0.00207615474715117,0.00845363868106262,0.0265087785437362,0.141433019513638,0.231040974840397
"PI_302398_LSP_AGL",0.187517662602214,0.21982522444956,0.627585787079046,1.20980665638422,1.19770858982038,0.0786595058937867,0.0975498333573341,0.12012754380703,0.26696456472079,0.264294919073582,0.0136989027456808,0.0201917203421566,0.0781518451570085,0.33129816396408,0.327985182324439
"PI_308614_LSP_AGL",0.106648752189865,0.184992332654471,0.680396901920595,1.19808933629786,1.18610844293488,0.0787488246957461,0.0943683336178462,0.0879856273531914,0.219261939326922,0.217069319933653,0.00854261222407585,0.0173648770964016,0.0594870907980354,0.262741310904976,0.260113897795926
"PI_311107_LSP_AGL",0.19356256711397,0.274454381946949,0.816245879707536,1.49306251060769,1.47813188550161,0.0857726112008095,0.111920930445194,0.130902883907159,0.313527315855026,0.310392042696476,0.0170516666308216,0.0305193426866881,0.107440508106834,0.465550333617995,0.460894830281815
"PI_312175_LSP_AGL",0.241737060484765,0.354864554036133,0.972267455703338,1.63916949644745,1.97706461267968,0.0777558150390784,0.0874707202116648,0.131222690145175,0.252423336108526,0.27106599966685,0.0204149372533378,0.0301865215650084,0.127942833644079,0.412113227608,0.546098397282011
"PI_320935_LSP_AGL",0.166568333428444,0.254915289241736,0.6805420830375,1.17197313465042,1.95396259109718,0.102399962643782,0.121794817348321,0.112643217047056,0.254435762763023,0.26239271124204,0.0166879110303824,0.0311625417873733,0.0749204679591541,0.305861275054204,0.513272030212287
"PI_320936_LSP_AGL",0.161883642604301,0.235280498445286,0.815306131444834,1.33670703457753,1.45243054041032,0.064038476596276,0.0749345719814301,0.085263525446256,0.233575443426768,0.246786903887987,0.0103336758252683,0.0171401103072914,0.0705881203148488,0.314691292269193,0.361115672470979
"PI_320937_LSP_AGL",0.154121171598959,0.150352618603998,0.545394116487417,0.978177002946705,1.05929666995381,0.062970490505298,0.0661245845258236,0.0982043941815694,0.197779749830564,0.260673240671555,0.00938095442414535,0.0109047115962722,0.0555358433212577,0.201183997245795,0.276966042198904
"PI_320941_LSP_AGL",0.145499699010477,0.18811795468924,0.732279578659789,1.22558188595702,1.21332606709745,0.105563584715128,0.12388901412487,0.106413718312979,0.254664070904255,0.252117430195212,0.0154978104393529,0.0239026417710934,0.0793774705118073,0.315607757230164,0.312451679657862
"PI_320945_LSP_AGL",0.168703478526112,0.28980769287198,0.851172881350295,1.51829341306187,1.50311047893125,0.0837498754262924,0.105567552149296,0.111939559380213,0.277063647905986,0.274293011426926,0.0136684315524524,0.0292033674256842,0.0967394575722895,0.422602485994315,0.418376461134372
"PI_320946_LSP_AGL",0.177415279096355,0.324203928588321,0.871461418295546,1.49635731612613,1.48139374296487,0.0977007026473681,0.119933182994525,0.136109496156375,0.311299671729406,0.308186675012112,0.0185299489882945,0.0425225166055591,0.123284362554855,0.472092762041178,0.467371834420766
"PI_320952_LSP_AGL",0.135624923338088,0.112536882534269,0.556192607440037,1.01750675326415,1.12794840541636,0.0789793729782104,0.102992701033751,0.0894325822591782,0.2412269115448,0.297891691327095,0.00997439056896462,0.0122818090426766,0.0525185015715378,0.264931166105386,0.339026714798831
"PI_320953_LSP_AGL",0.197479212561928,0.183662752691632,0.690031692706433,1.28315372449683,1.79749221024979,0.0841979508598645,0.0927906334400177,0.113477165500323,0.203849375247955,0.28293306628863,0.0152924231200828,0.0159308927658191,0.0808464581351751,0.262501037688889,0.507981455883699
"PI_320954_LSP_AGL",0.165233130746508,0.256198021961631,0.768443909748053,1.37360440187312,1.35986835785439,0.0785035230219364,0.0998557036121686,0.11130723853906,0.250822668274244,0.248314441591501,0.0131888812396682,0.0255273786265577,0.0887141127443526,0.344736527608474,0.341289162332389
"PI_329157_LSP_AGL",0.246640379899924,0.420000786799732,1.09581693054664,1.70995469486529,1.69285514791663,0.0808019489049911,0.091386025150617,0.140095802644889,0.274871587753296,0.272122871875763,0.0197834813876288,0.0385096393495032,0.151531474200339,0.469756748748018,0.465059181260538
"PI_329167_LSP_AGL",0.289416174444624,0.307429899558923,0.757839035446528,1.22387152677935,1.21163281151155,0.0861043011148771,0.10194656252861,0.126599217454592,0.259352306524913,0.256758783459663,0.0262991777406585,0.0318825065897977,0.10256617172209,0.324568737578714,0.321323050202927
"PI_339266_LSP_AGL",0.257807519017774,0.463465764274919,1.0695505016485,1.73092398013933,1.71361474033793,0.0817375257611275,0.0989764233430227,0.14439498881499,0.277097885807355,0.274326906949282,0.0201955608833992,0.0430991049197834,0.159469452986328,0.482117955610835,0.477296776054726
"PI_339283_LSP_AGL",0.0563741792331538,0.099287376160376,0.44943859630784,0.932671555166767,0.923344839615099,0.0656758863478899,0.0793764926493168,0.0725219734013081,0.171797320246696,0.17007934704423,0.00356491321825198,0.00774898691715497,0.0339026620566044,0.162335459095054,0.160712104504104
"PI_339285_AGL",0.0920609118657218,0.121377689640294,0.431696933887529,0.998265253803081,1.20266136763985,0.0632695655028025,0.0824395194649696,0.0648748291035493,0.170887356003126,0.190949224929015,0.00594466578704647,0.00995523957389291,0.0289400895507296,0.172896581567087,0.230334423209514
"PI_339289_LSP_AGL",0.357653096083485,0.427276230295327,1.02958172330095,1.65090788853951,1.63439880965412,0.0800636162360509,0.111786472300688,0.14233785867691,0.30211466550827,0.299093518853188,0.0292537383486699,0.0493357843415886,0.147446147001588,0.503673487505689,0.498636752630633
"PI_339292_LSP_AGL",0.21819487166535,0.280445571335365,0.767699052306581,1.349409605159,1.35687387027273,0.0943014025688171,0.0982855334877968,0.136126232643922,0.259680802623431,0.26557258695364,0.0200347426889112,0.0256612186076362,0.108598642385186,0.351345264168971,0.363560517776464
"PI_339296_AGL",0.16186359350487,0.176470530382845,0.571126530674822,0.929741971742466,1.19231313695364,0.0846927079061667,0.0989242096741994,0.106827966868877,0.210209121306737,0.229659034659465,0.0134076868645875,0.0194442558156083,0.0673930678889172,0.215924875771952,0.275184469323477
"PI_343026_LSP_AGL",0.184128229763101,0.255477062523575,0.736250491316822,1.47675285390653,1.55581247218801,0.0682999975979328,0.0858900273839633,0.109306109448274,0.27677421271801,0.27797100648284,0.0129095580581245,0.0225427519142624,0.0821365122623136,0.413250653520632,0.439087234843809
"PI_345627_LSP_AGL",0.211511427586503,0.391226630267318,0.955932195147734,1.60503380195332,1.58898346393378,0.0909522374471029,0.118322605888049,0.134759823481242,0.320906658967336,0.317697592377663,0.0189739274937684,0.046102196729168,0.133530892471437,0.517110889841544,0.511939780943128
"PI_358602_LSP_AGL",0.239286762642487,0.182570836113652,0.653769630267403,1.2415230036633,2.17383698253599,0.0713021233677864,0.0901998355984688,0.107280246913433,0.246103875339031,0.321789428591728,0.0171525065589731,0.0165344386959378,0.0707168236640909,0.30603651784536,0.699762726169132
"PI_368647_LSP_AGL",0.239585321797305,0.308583171950607,0.79111069360587,1.37937133913172,1.6173368109492,0.0671466303368409,0.0908416757980983,0.116040954987208,0.279559969902039,0.304517453809579,0.0154330583626411,0.0280372794123268,0.0972881372034727,0.397013588929306,0.496813444514928
"PI_368651_LSP_AGL",0.242289329284466,0.362749430826792,0.939899300195448,1.54485680562515,1.64718713672902,0.0790980371336142,0.101183049380779,0.126098707318306,0.309923221667608,0.309563078383605,0.0203057588888642,0.0389352494131896,0.121331646633915,0.48235169619285,0.512338430298788
"PI_370481_LSP_AGL",0.261109881659825,0.492129268801019,1.28871818866413,1.88945054189389,1.87055603647495,0.0843621417880058,0.114554243783156,0.145198583602905,0.321924050649007,0.318704810142517,0.021744820074502,0.0566654128179804,0.187125705574021,0.608935014450077,0.602845664305576
"PI_374116_LSP_AGL",0.268141375547222,0.325584182039996,0.989045478094269,1.51088238693672,1.49577356306735,0.080285731703043,0.0978146716952324,0.119798722366492,0.260487968722979,0.257883089035749,0.0178967005716219,0.0308218265425422,0.119523100003122,0.395402236019387,0.391448213659193
"PI_374117_LSP_AGL",0.238809767936475,0.313354213845457,0.862151408342972,1.38339442388828,1.58318028428503,0.0889774759610494,0.108934586246808,0.143550371130308,0.277566537261009,0.292314152916272,0.0196534245420119,0.0329193950959967,0.122369766661023,0.397248396499743,0.470036368829394
"PI_374118_AGL",0.365074556527556,0.339529872652656,0.808995043735892,1.38513589084385,1.37128453193541,0.0783699974417686,0.112607839206855,0.14883004128933,0.314257919788361,0.311115340590477,0.0320134271682557,0.0380471426925963,0.123225428150766,0.438405049511967,0.434020999016847
"PI_374120_LSP_AGL",0.239295321592085,0.422504843913212,1.0262560510204,1.56475329797183,1.78028612430851,0.0690212647120158,0.0849296078085899,0.134352842966715,0.252193853259087,0.250730887899796,0.016449553805498,0.0373854509819208,0.13807089749038,0.399060034505999,0.450132789754898
"PI_374121_AGL",0.236446643683282,0.403850636185886,1.05081944838921,1.73386315356138,1.71652452202576,0.0817725968857606,0.116131782531738,0.141450320680936,0.306557476520538,0.303491901755333,0.0196172497956411,0.0465835325437159,0.14922652827165,0.533469887059678,0.528135188189081
"PI_379368_LSP_AGL",0.358127455982106,0.533841633615883,1.19467795729727,1.82251565238719,1.80429049586332,0.0899004687865575,0.132180852194627,0.136376937230428,0.296318411827087,0.293355227708817,0.0324296274822232,0.0704174918061335,0.165799165474351,0.544530820482523,0.539085512277698
"PI_383682_LSP_AGL",0.224310963302272,0.281309727741503,0.7273934910377,1.27840543956737,1.44465767479712,0.0739388739069303,0.101065099239349,0.0997966701785723,0.259905884663264,0.258955180247625,0.0158013505859973,0.0280182491696932,0.0724054845239054,0.334000774811553,0.37478271694238
"PI_420818_AGL",0.259276649246751,0.459306962556805,1.16118476295063,1.86069868495263,1.8420916981031,0.0789640545845032,0.106905274093151,0.124657178918521,0.323105543851852,0.319874488413334,0.0199834572621563,0.0488037696171829,0.144689757154795,0.598746421674991,0.592758957458241
"PI_420924_LSP_AGL",0.304301856680938,0.536046886759728,1.13123415225098,1.79200098945413,1.77408097955959,0.104486589630445,0.148008858164152,0.173794249693553,0.352729688088099,0.349202391207218,0.0318990183179576,0.0804325793979097,0.197850341321584,0.633840026326915,0.627501626063646
"PI_420925_LSP_AGL",0.246280332397681,0.343227485365343,0.985918308804313,1.71281217287626,1.69568405114749,0.0804468741019567,0.103331461548805,0.132673720518748,0.316959023475647,0.31378943324089,0.0204182703561462,0.0354649485861842,0.131369027278293,0.546032306983338,0.540571983913505
"PI_420929_LSP_AGL",0.226788622208534,0.289504524564106,0.876979216040236,1.44323661819471,1.42880425201276,0.0736891403794289,0.0908130953709285,0.126186256607374,0.295099606116613,0.292148610055447,0.0171895086321835,0.0268593610659803,0.112505880924772,0.429883534979663,0.425584699629866
"PI_426202_LSP_AGL",0.113804044505092,0.173804020150779,0.590683994961649,1.10565430843825,1.28735110108648,0.0651868047813575,0.0720240237812201,0.102558289964994,0.233583917220434,0.242800482610861,0.00776979177189921,0.0130473568605351,0.0621252607786557,0.259430562213763,0.313079556231718
"PI_426778_LSP_AGL",0.0863152583309687,0.132114308670277,0.41183273016668,0.937632486575537,1.30711531615673,0.0678414292633533,0.084779920677344,0.0864685028791428,0.197671115398407,0.220425027062496,0.00586515772272708,0.011334963219142,0.0360961410519569,0.193557355147327,0.287136461633378
"PI_426784_LSP_AGL",0.172369942925565,0.0906905362825759,0.424203638319437,0.708600119457734,0.701514118263157,0.0746352920929591,0.101077462236087,0.0768046913047632,0.200735266009967,0.198727913349867,0.0133542220379101,0.00963370054779214,0.0341191261023923,0.146574434278506,0.145108689935721
"PI_426797_LSP_AGL",0.150786773923011,0.21062865481834,0.737430805115924,1.27906341137915,1.26627277726536,0.0824257408579191,0.116983704268932,0.133370374639829,0.319944163163503,0.316744721531868,0.0118585462616909,0.0244703544517406,0.0982432128127301,0.411887557738895,0.407768682161506
"PI_426807_LSP_AGL",0.167847167179627,0.149454797530309,0.569656074927058,1.24207994410715,1.20784228649417,0.0594220037261645,0.0902663667996724,0.0602679389218489,0.213970854878426,0.22600953489542,0.0106819315935563,0.0128839739500986,0.0331146293607567,0.26572391386766,0.27344961581457
"PI_431618_LSP_AGL",0.427513560819822,0.564967387925325,1.27530245261668,1.6747364258431,2.1821097807121,0.0888510023554166,0.121075210471948,0.138389190038045,0.280253390471141,0.296541730562846,0.0371616599363619,0.0690270368802254,0.174575028612797,0.470886354815706,0.646989576957043
"PI_431622_LSP_AGL",0.225634779078641,0.284243843136804,0.791293689034231,1.44852672720759,1.80771419273816,0.0720750453571479,0.0948040634393692,0.135851281384627,0.24934842189153,0.248275545934836,0.0155326748861177,0.0271399200592433,0.113047175714676,0.357362595781271,0.437797772582221
"PI_431630_LSP_AGL",0.256040887214639,0.255440804789316,0.720537685696873,1.40501709885611,2.37570527718918,0.0810222799579303,0.0919312611222267,0.126282408833504,0.242491443951925,0.267657811443011,0.0152552117597126,0.0205003035558648,0.0929318385174025,0.334388649958893,0.637800845856551
"PI_431633_LSP_AGL",0.270304008456202,0.286745128032363,0.746168352967784,1.34825577816857,1.33477322038688,0.0828945537408193,0.10136998941501,0.144218094646931,0.265127634008725,0.262476357668638,0.0224100826622266,0.0289189820441494,0.112221501237396,0.361389418174334,0.357775523992591
"PI_431636_LSP_AGL",0.235106192894467,0.47611688446242,1.22480842367811,1.89308102976128,1.87415021946366,0.071936160326004,0.09059722473224,0.132514794667562,0.283151139815648,0.280319628417492,0.0171775367887086,0.0448857006277707,0.161446907999986,0.538681773932452,0.533294956193128
"PI_431643_LSP_AGL",0.212259440071412,0.334725805558467,0.955057773392985,1.53519005379057,1.77864071059515,0.0850698873400688,0.105998031795025,0.108222385247548,0.278567512830098,0.295738373696804,0.0184221941019742,0.0359329557784926,0.101733019296222,0.428294543174627,0.526410683341585
"PI_431662_LSP_AGL",0.202835483997196,0.172662301187835,0.532727349635818,1.12356513805248,1.11232948667196,0.077480619152387,0.0884848535060883,0.113613118728002,0.232408910989761,0.230084821879864,0.0155489716066839,0.0148063374117161,0.0603488152389184,0.262770263357332,0.260142560723759
"PI_431663_LSP_AGL",0.202901575783121,0.198420098332386,0.524440705923793,1.16426905005074,1.15262635955023,0.0692237454156081,0.0944185505310694,0.108674551049868,0.261807898680369,0.259189819693565,0.0137917234748254,0.0186488867430053,0.0565824876990665,0.303678735554415,0.300641948198871
"PI_431679_LSP_AGL",0.245216055725732,0.11315970661188,0.395166446220237,1.00134558711115,1.93526993084196,0.0791799786190192,0.0973030726114909,0.106612332165241,0.216774553060532,0.229557118713856,0.0220101191245946,0.0114779107442131,0.042815020420356,0.219850038174273,0.446777609446623
"PI_431684_LSP_AGL",0.163145838693022,0.158773516395013,0.512339937145878,1.15528873363033,1.53667626053049,0.0867705444494883,0.101714531580607,0.103469622631868,0.245200231671333,0.257998559276263,0.0141657581129149,0.0164359688478524,0.05486527105239,0.290732979165647,0.393412993638151
"PI_431705_LSP_AGL",0.239491403858884,0.325917818581716,0.823383488764179,1.51908697176875,1.50389610205106,0.0846179313957691,0.0963325053453445,0.120173718780279,0.267826482653618,0.265148217827082,0.0211517946951077,0.0308423313721161,0.0984234215441472,0.406570425952466,0.402504721692941
"PI_431710_LSP_AGL",0.10676847145163,0.173374597005552,0.479808498957278,0.985293806640319,0.975440868573916,0.0870500989258289,0.103902459144592,0.109430042405923,0.217814336220423,0.215636192858219,0.00935783493622362,0.0167141371897699,0.0507543822288113,0.215944398632695,0.213784954646368
"PI_431714_LSP_AGL",0.19152318351873,0.291698101790387,0.797476397883561,1.49942770114877,1.48443342413728,0.0934416726231575,0.118368228276571,0.125078104436398,0.271581123272578,0.268865312039852,0.0172156749082266,0.0339157828716767,0.0981415616536779,0.402745628251566,0.398718171969051
"PI_431717_LSP_AGL",0.228653158589948,0.308859502118821,0.768566549801414,1.42127909444226,1.40706630349784,0.0850649277369181,0.115545272827148,0.115920419494311,0.272851268450419,0.270122755765915,0.0193035844177585,0.035636722583395,0.0897742201958083,0.39049638571312,0.386591421855989
"PI_431728_LSP_AGL",0.20044330952017,0.211243260589052,0.629166986361038,1.27311917443102,1.26038798268671,0.0663458940883477,0.0872914815942446,0.115057418743769,0.249238153298696,0.246745771765709,0.0134301560712105,0.0183600492963877,0.0736536497329747,0.319630419660092,0.316434115463492
"PI_431731_LSP_AGL",0.194168249566133,0.257018682221804,0.672071425570146,1.37211853543711,1.35839735008274,0.0883642534414927,0.114709285398324,0.127773488561312,0.280917892853419,0.278108713924885,0.0165700382739092,0.0300437356312595,0.0852239529161315,0.385720156900887,0.381862955331878
"PI_431739_LSP_AGL",0.124205792105358,0.234436426730042,0.65953607677147,1.36345889784519,1.74659680676648,0.0813401366273562,0.0953205774227778,0.129361405968666,0.268009434143702,0.268997153143088,0.00968407641122525,0.0213845727009113,0.085017519275838,0.360593128852715,0.476092446628428
"PI_431753_LSP_AGL",0.159252882487255,0.267962962899873,0.673064395551594,1.22354609530873,1.21131063435564,0.0971281329790751,0.114706290264924,0.115554049611092,0.253129705786705,0.250598408728838,0.0160928727993266,0.0306578979097371,0.0781096281467727,0.310646956847775,0.307540487279297
"PI_431756_LSP_AGL",0.286801797133345,0.249663198528492,0.727201189093442,1.41402023169864,1.39988002938165,0.0682095748682817,0.0842178588112195,0.121494702994823,0.270337124665578,0.267633753418922,0.0200139920419198,0.0213283262179776,0.090417299450842,0.384466015501884,0.380621355346866
"PI_431809_LSP_AGL",0.180025178133672,0.0877258334779165,0.302135963734798,0.695450767547537,1.42816762225274,0.068473561356465,0.0839526479442914,0.0902212038636208,0.184264754255613,0.197220027446747,0.0123596673950791,0.00708212515370001,0.0269644178935753,0.127960226262597,0.285538015120554
"PI_431824_LSP_AGL",0.138191009795134,0.226030234176965,0.688730421601508,1.27137279936788,1.2586590713742,0.0687893691162268,0.083976140866677,0.105242403844992,0.234323978424072,0.231980738639832,0.00952546591009219,0.0195849910667106,0.0750155541529876,0.302594310043848,0.29956836694341
"PI_431863_LSP_AGL",0.257019080338823,0.30124437588708,0.776293663858006,1.41155730465108,1.39744173160457,0.0679290021459262,0.0981311624248822,0.112479214866956,0.279363046089808,0.27656941562891,0.0177633751875401,0.029972637953831,0.0885173798509794,0.392359218612252,0.388435626426129
"PI_431873_LSP_AGL",0.293632649421829,0.261986226719877,0.855495678791701,1.50248283415986,1.48745800581826,0.0619556705156962,0.0922675430774689,0.0977704127629598,0.263518939415614,0.260883750021458,0.0173443520572986,0.0239611872949767,0.0853714636286213,0.396437718600014,0.392473341414014
"PI_431884_LSP_AGL",0.16587042625467,0.282518073426441,0.80028436725582,1.44027873354,1.4258759462046,0.074163352449735,0.082906981309255,0.126507940391699,0.264140024781227,0.261498624533415,0.0123762855895157,0.0233994844613586,0.101389120473745,0.381306352719216,0.377493289192024
"PI_431888_LSP_AGL",0.164641183013846,0.24745054452135,0.728524809258061,1.42510400370487,1.41085296366782,0.0668444807330767,0.081818662583828,0.106438773373763,0.284452736377716,0.281608209013939,0.010941984679275,0.0202856637993207,0.0773134929232614,0.404749794863748,0.40070229691511
"PI_431893_LSP_AGL",0.146855610385431,0.205213860694047,0.62630741138363,1.28528769745451,1.27243482047996,0.0848695337772369,0.0957073420286179,0.13085696597894,0.311597724755605,0.308481747508049,0.0113403437148945,0.0179670638415845,0.0833532192947716,0.401587406502288,0.397571532437265
"PI_431923_LSP_AGL",0.150248064537484,0.207019144974305,0.590863862978915,1.2122672461904,1.82744779015964,0.0732225105166435,0.0768522899597883,0.103546746075153,0.222702734172344,0.246123693287373,0.0109872292341395,0.015971252376912,0.0611139603654543,0.27003802393613,0.431435924460095
"PI_431980_LSP_AGL",0.254805640141877,0.296583650036128,0.736218298218356,1.28117943855844,1.26836764417285,0.0776854082942009,0.0950187146663666,0.125638949374358,0.253967086474101,0.25142741560936,0.0190487497717445,0.0282817471363242,0.0923307762230401,0.326236059442179,0.322973698847757
"PI_432000_LSP_AGL",0.234604656464759,0.265109506394181,0.799913575903482,1.44092423895639,1.42651499656683,0.0773519799113274,0.103457423547904,0.113182743390401,0.310968458652496,0.307858774065971,0.017098455728886,0.0276495833291568,0.090923354141813,0.448820967994573,0.444332758314628
"PI_432001_LSP_AGL",0.218239668123528,0.25674245846747,0.680361328465055,1.19301761326503,1.18108743713237,0.0659309104084969,0.0892084687948227,0.106439769268036,0.237615590294202,0.23523943439126,0.0143272281983506,0.0222372374127589,0.0748822668920978,0.28984176544968,0.286943347795184
"PI_432002_LSP_AGL",0.203551413859473,0.160795176926979,0.546651306947005,1.19069895403182,1.1787919644915,0.0953065827488899,0.11535348991553,0.102273471653461,0.272420754035314,0.269696546494961,0.0194614672021795,0.0185821030149838,0.056290209905638,0.325591380598495,0.32233546679251
"PI_432005_LSP_AGL",0.352848384292241,0.324974715096672,0.95900380748495,1.56958181501985,1.55388599686965,0.0864632477362951,0.111975903312365,0.13844392200311,0.326260427633921,0.322997823357582,0.0286203044497609,0.0373079164310275,0.133356695209326,0.513829466558003,0.508691171892423
"PI_432028_LSP_AGL",0.224275322208795,0.246955348786127,0.688163492005311,1.38479902576243,1.37095103550481,0.0888635292649269,0.10120481501023,0.123287821809451,0.269881412386894,0.267182598263025,0.0199760171872586,0.0249982753574208,0.08462236429624,0.376481263895617,0.37271645125666
"PI_432033_LSP_AGL",0.159468806679126,0.287276133817845,0.840438704827779,1.58400923279427,2.04972517034495,0.0867539594570796,0.10056001196305,0.12459750721852,0.262722959121068,0.261132826507092,0.0132688674932031,0.0288328244994363,0.104278964866489,0.419034580750691,0.526377072856946
"PI_432085_LSP_AGL",0.220344435549574,0.384707657844006,0.984442342391502,1.43896341877441,1.42457378458666,0.0798009261488914,0.0984900345404943,0.115618300934633,0.262604008118312,0.259977968037128,0.0171979353205253,0.0379175248969656,0.11374365707807,0.37790079704066,0.374121789070254
"PI_432106_LSP_AGL",0.32449826784432,0.615894486534609,1.2470861010685,1.84596338215897,1.82750374833738,0.0904553607106209,0.122443320850531,0.157787869373957,0.338096330563227,0.334715367257595,0.0293897705211835,0.0750909695985312,0.196795192658846,0.621902754677214,0.615683727130442
"PI_432124_LSP_AGL",0.217107006082971,0.16711922590503,0.552373926710249,1.09389855599171,1.0829595704318,0.0848879193266233,0.108681003252665,0.120358432332675,0.257031674186389,0.254461357444525,0.0161811130921405,0.0177986379848102,0.0667885174801963,0.281307550377614,0.278494474873838
"PI_432145_LSP_AGL",0.116388582949779,0.147227373459987,0.448284297291824,1.08535207380123,1.38429132334813,0.0659421794116497,0.0911601558327675,0.104288697242737,0.217023186385632,0.22834684073925,0.00847073835957265,0.0145678688608287,0.0484826068548724,0.253097112476348,0.316276405970564
"PI_432147_LSP_AGL",0.198196743213678,0.280587109125733,0.717755283944498,1.50155297461013,1.48653744486403,0.0835551867882411,0.099078228076299,0.127158366143703,0.253243158260981,0.250710726678371,0.0173974863707036,0.0287432180329542,0.092145438744507,0.389545666378871,0.385650209715082
"PI_432184_LSP_AGL",0.246246191712129,0.445436427127467,1.11403181271017,1.67707377186063,1.66030303414202,0.0803743402163188,0.0975251346826553,0.136536983152231,0.282880892356237,0.280052083432674,0.0191525305847171,0.0425887706681587,0.152808385172978,0.472933395724033,0.468204061766793
"PI_432188_LSP_AGL",0.204519779130207,0.276163220257312,0.833533228569206,1.39940577497117,1.38541171722146,0.0907455831766129,0.110053966442744,0.121362949411074,0.276272485653559,0.273509760797024,0.018820232187283,0.0300188858055125,0.102123928901183,0.393218479971052,0.389286295171342
"PI_432190_LSP_AGL",0.380931850878367,0.462413983676627,1.0440904525959,1.77481238874493,1.75706426485748,0.0930622642238935,0.116443023085594,0.170406654477119,0.327366342147191,0.324092678725719,0.0356323765545217,0.056084783469183,0.178144491267727,0.585015460862813,0.579165306254185
"PI_432201_LSP_AGL",0.268727216211451,0.281798730496049,0.882597101833266,1.54740040771495,1.6298758991468,0.0739668396612008,0.0948760509490967,0.133325663705667,0.317734032869339,0.316814675529798,0.0211653777975744,0.0270418335247226,0.118262432429458,0.491313576516556,0.514393973000487
"PI_432212_LSP_AGL",0.120257087756261,0.204908468933722,0.577196436551565,1.15877999480155,1.45727649999772,0.0804840748508771,0.0932784626881282,0.105512216687202,0.237089057763418,0.241608346551657,0.0101424799115766,0.0191844866742182,0.0631647704111767,0.277635019600821,0.356599617793226
"PI_432236_LSP_AGL",0.221942779318391,0.185263904113325,0.623748224764234,1.28572977147687,1.61477937190193,0.0763942574461301,0.0942626049121221,0.102131898204486,0.239977796872457,0.239469701945782,0.0171627040634765,0.0181617451691903,0.0634820521293835,0.311627316801664,0.377660624873767
"PI_432245_LSP_AGL",0.333332488119142,0.401677101322581,1.0528536548,1.66821671245976,1.65153454533516,0.0760836862027645,0.0968723421295484,0.128798474868139,0.285283128420512,0.282430297136307,0.0217363495972103,0.0373394525275747,0.135583832036335,0.474335567472932,0.469592211798203
"PI_432271_LSP_AGL",0.139145265163599,0.220391410924064,0.643159450140644,0.99227204121901,1.23706001783422,0.0984515597422918,0.11381525049607,0.12266697237889,0.263924613595009,0.286005099912484,0.0128784854576607,0.0229399197621758,0.0826931384482049,0.285046513886902,0.361431879135867
"PI_432286_LSP_AGL",0.190177536429643,0.195207027980745,0.694122411568301,1.12897910626944,1.11768931520674,0.0684289038181305,0.0902565295497576,0.0998361234863599,0.22420630355676,0.221964240521193,0.0125332867722934,0.0177682092713525,0.0679740526880299,0.253009106326704,0.250479015263437
"PI_451763_LSP_AGL",0.371654507447428,0.574416658440068,1.16750107292327,1.86697821202776,1.84830842990749,0.105580831567446,0.123530514538288,0.195802683631579,0.307629262407621,0.304552969783545,0.0375468844165444,0.0679886291373719,0.228430643030057,0.559560817304228,0.553965209131185
"PI_458503_LSP_AGL",0.179987394453132,0.280006648524649,0.877873228502204,1.56832539924638,1.55264214525392,0.0891447054843108,0.110668721298377,0.126604904731115,0.302839676539103,0.299811279773712,0.0152606240633461,0.0292665176844335,0.110843023199658,0.476310148885994,0.471547047397134
"PI_468900_LSP_AGL",0.234434693573498,0.417070297384905,1.10103999676724,1.64349932496509,1.82480933750904,0.0807787254452705,0.10507424424092,0.140745922923088,0.296875834465027,0.309975402355194,0.0188016911371634,0.0438961339746798,0.154646376502299,0.497189794971688,0.575110972550637
"PI_468901_AGL",0.138919895312623,0.245139558529332,0.902037355501136,1.53764845651507,1.62512843681048,0.0734795654813449,0.0894508312145869,0.117789740363757,0.282427842418353,0.286187032560507,0.0100650373471961,0.0215272262211033,0.106707747900681,0.434556750082878,0.467553452229864
"PI_468902_LSP_AGL",0.200242388964639,0.408124775996472,1.24229694653921,1.85737655209197,2.16553127805954,0.0773673330744108,0.106663818160693,0.127368800342083,0.314574261506399,0.328380294442177,0.0156217667976494,0.0430712523431863,0.16096069318782,0.584645765546895,0.710676318847861
"PI_472136_LSP_AGL",0.206131950293895,0.102044495984867,0.411980597290091,0.897619351665509,0.888643158148854,0.0894316509366035,0.108270140985648,0.106041319668293,0.262715796629588,0.260088638663292,0.0198766534800066,0.0109145765853007,0.043360498944389,0.238247164442409,0.235864692797985
"PI_472205_LSP_AGL",0.110394733874119,0.196161518959942,0.506591711405046,0.717276756228113,0.710103988665832,0.063490241765976,0.0918726151188215,0.10325483729442,0.243754764397939,0.24131721675396,0.00715098427269891,0.0183400855419571,0.0543968796142612,0.178704076918998,0.176917036149808
"PI_472213_LSP_AGL",0.133991247361767,0.199867753530475,0.584984950491432,1.23794347781636,1.2255640430382,0.0748807763059934,0.0850246374805768,0.113155337671439,0.238831435640653,0.236443121284246,0.0104627243190976,0.0172849253352326,0.0664712356283652,0.295757555290268,0.292799979737365
"PI_472327_LSP_AGL",0.11486488000275,0.125062222562705,0.497319092988519,1.02338186952606,1.0131480508308,0.0939522286256154,0.120307256778081,0.12106100221475,0.292524655659993,0.289599409103394,0.0107172031010976,0.0130101331742672,0.0616314600070805,0.301209698735616,0.29819760174826
"PI_472380_LSP_AGL",0.12777965048116,0.208044567246687,0.668268610610014,1.01356321063484,1.00342757852849,0.0943199880421162,0.108235247433186,0.106422323733568,0.266566768288612,0.263901100605726,0.0120655780625437,0.0220870034301345,0.0693358051643989,0.266511240394957,0.263846127991007
"PI_472416_LSP_AGL",0.0870528074986328,0.165530378278649,0.755335543211433,1.2864255620204,1.2735613064002,0.0709878914058208,0.0739681981503963,0.0999035499989986,0.234796717762947,0.232448750585318,0.0058840492175357,0.0123794373930618,0.0750477569480801,0.302263531484719,0.299240896169872
"PI_472488_LSP_AGL",0.30052812830545,0.14572909110299,0.492839528602406,0.838311903342568,0.829928784309143,0.0746349891026815,0.084080271422863,0.10517601420482,0.247857059041659,0.245378488451242,0.0236751510019668,0.0121262376902944,0.0502901636600691,0.212303819509648,0.210180781314551
"PI_472559_LSP_AGL",0.0988607879779349,0.175098515543163,0.610042695254188,1.244922516106,1.23247329094494,0.0640399474650621,0.0852044709026814,0.108146145939827,0.220331765711308,0.218128448054194,0.00637376631747863,0.0142370392503224,0.0661729566985149,0.272912756227348,0.270183628665075
"PI_472561_LSP_AGL",0.0917664000850751,0.159337967180588,0.662012763758302,1.2708752573379,1.25816650476452,0.0825417699913184,0.095422921081384,0.10547183205684,0.269687424103419,0.266990549862385,0.00712211393241295,0.0147238492981177,0.0710308803037427,0.342072367972468,0.338651644292743
"PI_472569_LSP_AGL",0.121735634163457,0.146366031970615,0.552750727601356,1.09584082232284,1.08488241409961,0.0795879115660985,0.0990191275874774,0.0947086488207181,0.276058206955592,0.273297624886036,0.0101138171655101,0.0143579793858708,0.0537418500321132,0.303675965775331,0.300639206117578
"PI_472588_LSP_AGL",0.216032183124762,0.213052284191273,0.726588391923931,1.47628330227045,1.46152046924775,0.0701680320004622,0.0951094751556714,0.0952098990480105,0.266076266765594,0.263415504097939,0.0121185147904642,0.0203300178989273,0.0701671507042052,0.398276855011376,0.394294086461262
"PI_472590_LSP_AGL",0.136225215419843,0.191900252399203,0.595704698505321,1.18683197634951,1.50140482589337,0.0816589643557866,0.101652371386687,0.111057984332244,0.258097802599271,0.256789782444636,0.011976168323335,0.0204445465669638,0.0670893347110974,0.309583856652185,0.380810834337787
"PI_472615_LSP_AGL",0.247285383054268,0.352365443339417,0.854737680952544,1.57934335031745,1.50336540909061,0.100475291411082,0.11350088318189,0.202794440090656,0.23788820207119,0.287317847559849,0.0234967799222644,0.0371752250968924,0.192305800566947,0.389637464174686,0.414733294491446
"PI_472629_LSP_AGL",0.238301395833921,0.412559640956153,1.04582496469994,1.59676278648535,1.74865606125876,0.0772854884465535,0.094374306499958,0.124946715931098,0.281345953543981,0.285983868539333,0.0192915660072932,0.041627358894462,0.131085902428211,0.452857423601467,0.499355377232953
"PI_477921_LSP_AGL",0.340495773206396,0.338795830625864,0.883550058945921,1.45476577669642,1.44021811892945,0.0910241007804871,0.105487835903962,0.138735291858514,0.296778758366903,0.293810970783234,0.0297013861353336,0.0353124504514769,0.127408055619914,0.430597065192182,0.426291094540261
"PI_490288_LSP_AGL",0.213312538590238,0.333353767107883,1.03062906958148,1.71144553823755,1.92636185864158,0.0837569882472356,0.100381776690483,0.124326981604099,0.284323970476786,0.283145415782928,0.0173935779712877,0.0324199118420049,0.128677235187975,0.486644776458105,0.546435062494399
"PI_490289_LSP_AGL",0.324860789470862,0.408503267180614,1.06880770706879,1.58556682436104,1.56971115611743,0.0753992709020774,0.104915924370289,0.126685994366805,0.303504715363185,0.300469668209553,0.0229882029978508,0.0446909387711356,0.136304467471245,0.483013265909093,0.478183133250002
"PI_508090_AGL",0.342182371906713,0.698720307172588,1.46950902134883,2.08051346102763,2.05970832641736,0.0966686780254046,0.131132860978444,0.169806455572446,0.363794893026352,0.360156944096088,0.0334639218169902,0.0921096968035665,0.250411215572989,0.756701495984227,0.749134481024384
"PI_518731_LSP_AGL",0.237234682047883,0.376928046322577,1.13779029026038,1.58043257559195,1.82198778737293,0.0747266672551632,0.0996791546543439,0.10254862656196,0.277781228224436,0.284511995712916,0.0157973099922183,0.0378282975879599,0.117041652419426,0.437819073847079,0.513948045581894
"PI_518733_LSP_AGL",0.18569645334593,0.265587415620906,0.925737259586243,1.44178054204736,1.71361933069979,0.0876242096225421,0.0880768845478694,0.134699426591396,0.270319039622943,0.324964006741842,0.0162658256368718,0.0235342498093394,0.127783892138008,0.398426705446444,0.559423535537312
"PI_518734_LSP_AGL",0.234924738410564,0.176572075532176,0.591659153907087,1.16962660541375,1.63335854219493,0.0709995043774446,0.0760701472560565,0.116411926845709,0.202675938606262,0.307465513547262,0.0158498516137529,0.0134416881385039,0.0686506835796759,0.240073401321996,0.513432353794641
"PI_533688_LSP_AGL",0.27084196884429,0.360322765003373,0.806328107635656,1.48147386894118,1.75551070222783,0.0940890635053317,0.124058857560158,0.15110290547212,0.317314634720484,0.319867349267006,0.0253053143217563,0.0445508641820264,0.124345842451873,0.472226717137904,0.561042192619376
"PI_533693_LSP_AGL",0.212683823197705,0.333641132000837,0.844889781105732,1.36291523988845,2.04733247321618,0.0788153856992722,0.0964948783318202,0.123766680558523,0.245349700252215,0.25745265007019,0.0166891042104956,0.0319693844102517,0.109575062595063,0.343267181443317,0.509418809183126
"PI_612875_AGL",0.0435872784416435,0.120382118153147,0.708015228912993,1.32004184027816,1.54318023800374,0.0562774414817492,0.080265186727047,0.0818636020024617,0.248216196894646,0.257163355747859,0.00241369337235051,0.00949229038155927,0.0575401141605879,0.329503177002452,0.396588155449721
"PI_643451_AGL",0.0988603175410285,0.145213920238055,0.725808717635681,1.38905110030453,1.37516058930148,0.068977452814579,0.0849250629544258,0.0860595442354679,0.245486699044704,0.243031832054257,0.00681392736950494,0.0123959865679845,0.0613069396332575,0.340980015699733,0.337570215542736
"PI_643452_AGL",0.0673992727453003,0.126055248755198,0.723218965597673,1.23992293227307,1.22752370295034,0.0821181908249855,0.0974540114402771,0.088994137942791,0.269958794116974,0.267259206175804,0.00553470634076382,0.012284589654296,0.064362248387242,0.33472809959442,0.331380818598476
"Shasta_AGL",0.298524734930101,0.516867778266121,1.12002886387071,1.69133042240103,1.92245996563529,0.0729516098896662,0.112237264712652,0.160926309724649,0.32391897837321,0.331876827379068,0.0222502667107299,0.0598996290113169,0.185657684310954,0.558548380223521,0.638394656602652
"W6_27754_LSP_AGL",0.212978294478934,0.318904212391156,0.865166469170459,1.45605047627577,1.59064681072403,0.0904418987532457,0.110036564369996,0.138803313175837,0.294394835829735,0.298687819043795,0.0217837150351195,0.0385208606401195,0.122027032820651,0.428696138492714,0.470535598115402
"W6_27760_LSP_AGL",0.262697287280652,0.186829617003709,0.590430926500764,1.13222056686819,1.12089836119951,0.0768118724226952,0.0985487575332324,0.10126348088185,0.265460317333539,0.262805714160204,0.0196688067888495,0.017966575594383,0.0609603626367883,0.304333523169708,0.301290187938011
"W6_27763_LSP_AGL",0.126896818636795,0.207030486596796,0.70264501278532,1.32745589538567,1.31418133643181,0.075744591653347,0.104994475841522,0.120667370657126,0.299396793047587,0.296402825117111,0.00960666723500465,0.0217470255219024,0.0834661386730641,0.394947652154323,0.39099817563278
"W6_27766_LSP_AGL",0.254634985788474,0.172537746819275,0.673868238151343,1.29906257381352,1.67698467060581,0.0806085579097271,0.0730404481291771,0.135631531476974,0.261151656508446,0.283097994029522,0.0231592624947689,0.029598972225725,0.19999799041851,0.33907118234202,0.486567222772161
"W6_27767_LSP_AGL",0.146899518997656,0.137029834990245,0.524912550257876,1.05032307299952,1.27856970018019,0.0781841836869717,0.101876206696033,0.082867664595445,0.235696037610372,0.24449311931928,0.00966543572568249,0.0134226313815078,0.0436694011109156,0.248222547811792,0.312795691282781
