"Entry","Name","Origin","Region","Cluster","PC1","PC2","PC3","PC4","PC5","PC6","PC7","PC8","PC9","SeedMass1000.2018","SeedMass1000.2017","SeedMass1000.2016"
1,"CDC Asterix AGL","Canada","Americas","8",5.04107057167904,5.98509616647124,1.48583203074508,3.12454593579096,2.35688099193315,-0.184171722677738,2.42008464551775,-0.579834963877504,-0.213145689759588,29.5890410958904,23,25.5
2,"CDC Rosie AGL","Canada","Americas","8",6.53156291728902,3.72748016791927,1.30516164968018,0.406357156291457,1.41024387109329,-2.17769206785598,-0.864612971704434,-0.294497046596273,-1.3322081975912,34.4420131291028,25.9,26.1
3,"3156-11 AGL","Canada","Americas","8",9.09665096435013,2.92214694525457,3.10680485735722,-2.28499025830254,-0.21361333661664,0.0175996940074433,0.123521608975569,-0.43367305202063,0.827350072683307,45.5729166666667,33.4,31.6
4,"CDC Greenstar AGL","Canada","Americas","7",6.05652118359996,0.0330604851994887,0.833723453972333,-0.312118821318102,-2.03683312575492,-0.703354918271668,-1.09784731119872,0.387049393433649,0.173763506400381,71.6857142857143,64.3,54.6
5,"CDC Cherie AGL","Canada","Americas","7",4.87517405822258,1.1814976481178,0.72838260935039,0.436753859821513,-2.79018336996301,-0.863974786371661,0.489367653297727,-0.449959278894877,-0.883414392110956,44.5675675675676,34.9,39
6,"CDC Glamis AGL","Canada","Americas","7",5.96022406519031,1.19356729777761,2.68592965070731,-4.68263105924225,-2.58066059656192,0.559828585526128,-0.451489397664286,-0.514114232827633,0.345099480963799,68.0357142857143,53.9,54.7
7,"CDC Gold AGL","Canada","Americas","7",5.45460597097549,-0.471497679482481,-0.746595860256798,0.0142791412479459,-2.73648488016244,-0.311747533184639,-1.425179541153,-1.43761621436971,-0.763357146471478,52.9856850715746,53.7,54.9
8,"CDC Imax AGL","Canada","Americas","7",3.74491263047888,-0.667897507416144,-0.0438449186573702,0.463861475829075,-2.17990997020514,-0.0424999662001142,-0.385630776480559,0.193502372841135,-0.138906572154301,50.6131386861314,38.8,36.1
9,"CDC Impower AGL","Canada","Americas","7",8.17462109052849,0.12906327720596,1.21287937369039,-0.0554941232729601,-2.46838751415699,-0.391733610957909,-1.02998074824465,-0.743803400585556,0.917895433293537,70.4901960784314,59.4,47.8
10,"CDC KR-1 AGL","Canada","Americas","7",2.49077194064506,1.10188898986216,1.12224604232221,-0.61455920066404,-1.29214859921728,-0.466983976462795,-2.58950174144411,1.07250593117962,-1.70367418838711,59.6989966555184,35.9,42.5
11,"CDC LeMay AGL","Canada","Americas","7",5.41834333163368,1.19669465140284,-0.320903797052874,-0.918002992106451,-1.36578610889464,-1.17917844187532,0.072577561783594,-0.0804063184365664,0.205857638999091,38.7656033287101,32,33.1
12,"CDC Maxim AGL","Canada","Americas","8",5.71665677676774,1.69262800681333,1.44029208664627,2.61733258798795,-0.0720653848600682,-1.0494630801402,-0.196339616883283,-0.863428733738435,0.167800429691263,48.0257510729614,41,41.6
13,"CDC QG-1 AGL","Canada","Americas","8",7.7132259363963,3.25206790876635,2.15485892893351,-1.70770438189783,-0.622980340144919,-0.219241321894186,0.836619527255378,-1.52767748663432,1.0239180121275,49.0430622009569,44.7,39
14,"CDC Red Rider AGL","Canada","Americas","7",7.18083395889032,0.254637355426211,1.22179797196397,-0.69377616400025,-1.94284928829045,-0.980835710370776,0.261361888647165,-0.025737554642492,0.305888845381762,49.358372456964,36.4,36.5
15,"CDC Redcoat AGL","Canada","Americas","8",7.5099269835313,2.18846714336312,3.784652497153,0.479316115862665,0.339710846777186,-1.92115597716501,0.103982350143203,-0.151895428890413,-0.0713637182238017,47.0728793309438,32.9,35.6
16,"CDC Redwing AGL","Canada","Americas","7",4.47640731955419,0.404467899327942,0.631018201659262,-2.56761432282058,-1.41430212331803,-1.09964164848262,-0.901137464312897,0.782729779432338,-0.554636904478019,42.0886981402003,28.7,30.9
17,"CDC Robin AGL","Canada","Americas","7",5.4840908247745,0.712009499419525,-0.475468380717095,0.390106417490519,-1.91566712312627,-1.42096112896663,2.09463507770236,-2.39240039446593,1.08759591483201,31.5963855421687,24.1,25.2
18,"CDC Rosebud AGL","Canada","Americas","8",4.18442734015626,4.20856700094864,1.33800148495311,0.715484847837419,-0.384782999814312,-1.96111498350228,2.33528842865221,0.200353117127095,-0.466597786623487,32.6666666666667,23.2,25.3
19,"CDC Rosetown AGL","Canada","Americas","8",6.61268016102536,5.07708731359241,4.41892048427587,3.46414932721172,3.02946163810779,-0.387295827870535,-0.106555758039167,-1.28321497845749,0.251671568563184,34.9886363636364,25.1,32.5
20,"CDC Rouleau AGL","Canada","Americas","8",5.39828764450293,1.74454175592855,0.782236265413853,-0.170060848308724,-0.748767712928695,-1.17715014634043,0.902218267784427,-1.11217112109922,-0.430684157896183,41.6684723726977,32.6,33.2
21,"CDC Royale AGL","Canada","Americas","7",7.54602532593414,1.23189744682091,-0.0356155596513097,0.717673879762205,-2.0369861172098,-1.36404577721147,0.33039585788935,-1.01323360313192,2.16449606341869,45.5710659898477,35,34.7
22,"CDC Ruby AGL","Canada","Americas","8",3.01779371035521,7.60009850618836,2.85349470627281,3.24040870160429,-0.44251767479728,-1.79408228516513,3.3527929706428,-1.86705737775725,0.148696513871394,32.7024185068349,25.4,27.8
23,"CDC SB-1 AGL","Canada","Americas","6",2.53454556358874,-0.76296765462711,-1.42934109194408,3.47999001598146,-1.40168457422764,-0.0386453355295078,0.660654847948036,-1.01817776969617,-0.555328303564682,37.35,31,30.5
24,"CDC Sedley AGL","Canada","Americas","7",5.51857739802465,0.168620508926079,1.93033323161737,-0.125259112469321,-2.40195855915288,0.200022147946794,-0.875278264101276,-0.596982454576515,0.0741908955418761,61.4509803921569,66.5,55.1
25,"CDC Vantage AGL","Canada","Americas","7",3.98599093852117,-0.200453277281699,1.4944503196421,-0.152723550740696,-2.30530818367741,-0.752068954642527,-1.12447431779046,-0.787760113721983,-0.889416146127205,51.8292682926829,39.9,40.9
26,"CN 105604 AGL","Ethiopia","Africa","2",-5.03408868086386,1.99349231167513,-2.23217132679164,-0.281542415008712,-1.97069874985632,-0.145957351593501,-0.79072308377516,0.276573660395091,0.273817109841175,24.6412213740458,20.2,24.2
27,"CN 105605 AGL","Eritrea","Africa","5",-0.335396104408723,1.6386881034288,-0.238110939816119,4.31658145362469,4.11711130246449,1.52803446541771,1.51010887760687,-0.623042394733561,0.0770784589969111,29.9409282700422,26.3,26.8
28,"CN 105715 AGL","Ethiopia","Africa","6",-1.72802500306444,-1.93377491238534,-0.934053259183842,0.530550637251482,-0.771828693869496,2.50908808108764,0.67984866761135,0.106735686881345,-0.403027323328272,51.5051546391753,40,46
29,"CN 105732 AGL","Ethiopia","Africa","6",2.16971386878289,0.773717199751941,-1.36535699757537,0.646309221799411,-1.59219007178371,0.554788571867517,-1.35809345152076,0.96175999350392,-0.459898423212182,48.7692307692308,42.8,36.2
30,"CN 105767 AGL","Libya","Africa","3",-2.12205488442158,-2.15692246765173,-0.915661869542651,1.65221180425414,2.18877499909219,0.330649329804749,-0.333893633140924,-1.08392160919583,-0.127428168873513,31.4285714285714,26.1,26.9
31,"CN 105777 AGL","Egypt","Africa","2",-4.24691367157834,0.185251252537319,-2.48676938540054,2.40880261125496,-1.32470966975713,-1.29765822359901,-0.564184594414518,-0.316313895596387,0.146158876623169,29.9417249417249,25.3,25.7
32,"CN 105789 AGL","Ethiopia","Africa","1",-8.66634670342968,0.0326309980412862,3.89270504838605,-2.70374314680224,-0.190743441721836,0.232810584690413,0.61884421661231,-1.42564319533512,-0.468522972166281,30.0630914826498,29.8,29.9
33,"CN 105791 AGL","Egypt","Africa","2",-7.02822197102992,1.05730185026335,-1.31641816211487,1.19964946096975,-0.388276540975986,0.888894912419645,-1.5183978024692,2.45864398007318,-0.537722781574706,26.2178919397697,23.1,29.1
34,"CN 105862 AGL","Tunisia","Africa","7",4.44437102031743,-2.41740036687026,0.478286122591492,-0.268778019121013,-0.176296171786542,0.881504236426236,-2.97130804523074,1.38105956084914,-0.332442462112421,61.8466353677621,41.6,38.8
35,"CN 105863 AGL","Tunisia","Africa","3",1.49832845258734,-1.07385227844636,3.39529212232377,-1.50834787414545,2.43096568450716,1.77580898167592,1.3858130113695,0.986094618683413,-0.0301148804225456,70.8151093439364,64.1,66.6
36,"CN 105864 AGL","Tunisia","Africa","7",2.72596795329204,0.190523013139622,0.282081069725663,-1.51326610267113,0.109347476093992,0.352397498010439,1.44731319260063,0.826892850073028,1.72418845896572,49.3836477987421,31.3,35.8
37,"CN 105865 AGL","Tunisia","Africa","7",3.24064777728464,-2.18980096078179,0.999723125411546,-1.06867641863191,-0.836932314853909,1.8535919107733,1.73360566281258,1.93202280051533,-0.189982728024566,66.7554479418886,54.7,70.8
38,"CN 105895 AGL","Egypt","Africa","2",-4.20766628991522,2.03966300902464,0.625575690719329,2.49227531204825,-2.43803718237942,-2.10712524844321,0.435005617389512,2.08839243851585,-1.03036356103433,33.8837516512549,34.1,32.2
39,"CN 106265 AGL","Egypt","Africa","8",9.0297436713971,1.81798158766482,2.99532819463585,1.27666111326797,-0.0231590691270448,-0.529203480883198,1.28616588040985,0.430866160450796,0.714992345449033,40.272952853598,32.3,35.1
40,"CN 108369 AGL","Libya","Africa","7",4.90608089635805,-0.203666310361783,2.24256059019467,-0.791739118377054,-2.05007100511936,1.63202268847258,-0.0799684048953129,-0.255942500074311,0.50508118140252,68.6832061068702,56.2,50.6
41,"CN 108370 AGL","Libya","Africa","8",6.07752879680426,2.33888885944925,0.127129981431766,0.367008998398516,2.17498323981702,-1.40364181990996,-0.880119266306527,0.33422928889833,0.544549001361524,26.1040235525025,22,19.8
42,"Crimson AGL","USA","Americas","4",2.25292460186217,2.48852586203694,-0.53605688902137,-1.30727202810422,-1.62192871714272,-1.06797189376283,-0.605807444865248,0.840501062150748,-0.615855012325181,40.5511811023622,32.4,34.2
43,"DPL 62 AGL","India","Asia","2",-5.79975456521301,-1.71530300186977,2.59507668991649,0.0626224922558235,0.192475569191259,-1.76933844086052,1.16488441822904,-1.09079956316983,0.0894729428699249,44.3809523809524,39.7,42.3
44,"Eston AGL","Canada","Americas","6",2.59272081329936,-0.781450960271502,-0.239308581843534,1.65588499950458,-1.68864637188988,1.09324809585942,0.722621596070063,-0.351045213646472,-1.91592850203596,37.6361031518625,33.1,31
45,"Gudo AGL","Ethiopia","Africa","3",-1.73147743065974,-4.44695481404387,1.83528563601132,1.53269678086148,1.47689167764823,-0.641210155543919,-0.507347232237676,0.57228117203801,-0.442149719155466,49.0672782874618,40.3,34.1
46,"IG 1046 AGL","Egypt","Africa","4",-0.674177702050707,-0.495268400664256,-2.41114961837198,0.138921017757899,-1.08838473526994,0.697808088650124,1.27543128798676,0.756612335261225,-1.0582169305141,36.6314398943197,29.4,29.5
47,"IG 1706 AGL","Ethiopia","Africa","4",-1.4272681692226,-0.55579914153156,-2.70255996302483,0.48895588217166,-0.837198443587754,0.807512268274063,-0.395721120441613,-0.990396314760204,-0.532286162231943,24.6751863684771,19.5,22.2
48,"IG 1959 AGL","Ethiopia","Africa","4",-1.26520681722871,-0.454414591507799,-2.26739263026443,-0.707165514842507,0.0948017800510494,-0.344043253202241,-0.23901107322188,-1.2315218075813,0.123417756733665,36.7527675276753,31.5,31.2
49,"IG 4258 AGL","India","Asia","2",-5.27532181227844,-0.358539964550406,0.640362968754588,-0.0963403687280225,-0.295040834432353,-0.00964389917300828,0.686177568910818,-0.40673429691073,-0.427254862785307,24.7834274952919,20.1,24.4
50,"IG 4781 AGL","Algeria","Africa","5",2.11008774071546,1.77223298840554,2.46000100883202,0.315433090942296,4.38355919274852,1.76770305930923,-1.63381999205089,0.265562612612087,-0.628143933268112,47.879746835443,42,31.9
51,"IG 858 AGL","Algeria","Africa","6",1.53748495087733,-1.29670665055702,-2.17525778074798,0.410167174594257,-1.01616874728125,-0.197614875772655,1.19419173399162,0.060852703007857,0.0779242494717283,31.2085561497326,26.4,28.8
52,"ILL 10657 AGL","Turkey","Asia","2",-4.88729858967459,-2.34330291760002,2.1875247188786,2.58668893894507,-0.4919516005343,-0.149990322546964,0.127530722144477,3.12638977693371,0.00419111282436497,48.5263157894737,43.4,43.1
53,"ILL 10748 AGL","ICARDA",NA,"3",-3.18245017461261,-2.0548938567945,6.54131815126404,-0.775103589114094,-1.00043324186604,-2.32927615633765,-0.570523378010505,0.536380884860058,0.860625423741432,64.123006833713,55.2,52.8
54,"ILL 11547 AGL","Ethiopia","Africa","2",-4.76810581555767,2.18257776710763,1.15117052246124,3.03290825965652,-2.1314805941712,-0.710658161403286,3.79448474524767,2.31742992561033,0.953706815105805,38.2954545454545,35.8,35.2
55,"ILL 11548 AGL","Ethiopia","Africa","2",-5.77116190670231,4.18713720064795,1.14073244017264,2.57540065709131,-0.84028018650519,-1.12842808655297,2.20695519541043,1.71659872221087,-0.852227225348516,30.7254361799816,27.2,28
56,"ILL 11553 AGL","India","Asia","2",-5.62946530685568,0.0425033697547608,0.840351916716932,-1.77982822589314,0.50869948986533,-2.0795972635622,-1.7742944679529,-2.15765747579937,0.748804819455947,35.1836734693877,31.1,32.5
57,"ILL 11555 AGL","India","Asia","2",-5.29009917080051,1.18929254574795,-1.62162455179704,0.515356801305004,-0.401933255109493,-1.88644657210818,1.05519524364075,1.19478670971893,1.18686695748136,42.0833333333333,41.5,41.1
58,"ILL 11557 AGL","India","Asia","3",-5.11581850605129,-4.19489110484077,2.63327741864072,-0.0909086999997782,1.25165818577753,-2.09096031598299,0.980430201422281,0.659107908090374,-0.175922049787746,45.359477124183,45.3,42
59,"ILL 11558 AGL","India","Asia","2",-7.46574484603277,0.498938266594654,0.330621621873855,0.145954020273438,-0.318518435696047,-2.05969782496744,-0.952549967161306,-1.0416850048606,1.42546163755769,38.0271084337349,34.8,31.2
60,"ILL 1220 AGL","Iran","Asia","5",-0.875082152559082,5.86924696869935,1.65764223055574,3.02430688282619,1.22029262172643,3.90246461672989,0.679946703935278,-2.88160010730781,-0.819007509777862,50,41.7,36.2
61,"ILL 1553 AGL","Iran","Asia","4",-1.83924869746144,-0.934296806237789,0.372267791388694,-0.836012389858448,1.00324320577189,1.92178321316523,1.41516878933617,-0.515052160932224,0.0945955695216083,47.5667189952904,42.3,43.1
62,"ILL 1762 AGL","Afghanistan","Asia","5",1.24220358016573,6.0592585453006,-1.00722552231746,2.55847820329966,4.06526000924702,0.250440436369856,1.83831161224254,0.402588627798623,1.17662693817595,27.1414242728185,21.6,22.1
63,"ILL 1983 AGL","Ethiopia","Africa","2",-5.53621255046821,1.27271821851741,-1.8044969584967,-0.257331613333884,-0.00559777418437711,-1.54773541119085,-1.24185502534147,0.515356895600437,-0.139496909098171,28.1417830290011,22.7,27.9
64,"ILL 213 AGL","Afghanistan","Asia","3",-1.69455218456943,-3.98661762960712,-0.636565004659865,-2.03549375244694,2.05482307142657,-3.23770993775231,1.57470239745254,-2.71795406023834,-0.556259372224281,25.8401880141011,21.5,23.2
65,"ILL 2194 AGL","Pakistan","Asia","3",-1.56434664434035,-1.3296142904532,0.624663673389368,0.41208608118228,1.5129863181852,1.40413186219522,-1.19869602470777,-1.11653169847671,-1.52583538165336,49.5067264573991,40.7,41.7
66,"PI 431893 LSP AGL","Iran","Asia","6",2.72196591733451,0.134714881951804,-1.60554850901319,0.129622731361101,-1.17319931684037,-2.07397183312481,-0.23888298278759,0.4750555366323,0.0484857398801484,31.7614879649891,29.3,31.6
67,"ILL 2507 AGL","India","Asia","2",-3.82847349388618,-1.06869800956003,1.18969877056484,1.00149721146761,0.0234191659370063,-2.66224806990966,-1.07834519257461,-1.23197401819193,-0.61595777514764,27.9203109815355,24.3,24.7
68,"ILL 2580 AGL","India","Asia","3",-4.15147880913607,-2.70996370746573,0.535493951982757,-0.206214800703096,0.972284934078605,-1.99106310498425,-0.248025344137513,-1.94067859779547,-0.560004717052607,33.85,28.6,30
69,"ILL 28 AGL","Syria","Asia","3",-0.392318800087838,-3.99791623360299,2.63344820315316,-0.637280422216974,-0.277233860579912,0.635099904422654,1.42053103013171,-0.0247984623822888,-1.4976607203583,77.9752066115703,68.6,66.3
70,"ILL 3025 AGL","India","Asia","2",-3.99285918029185,-0.39443288064673,-0.660534369034,0.652131782368012,0.977233968833573,-2.74110322467089,0.405714845171745,1.15072379168295,0.533248520746885,25.0344827586207,23.5,25.4
71,"ILL 313 AGL","Israel","Asia","6",0.0310993637202434,-2.01829610817589,-0.567552840454033,-0.17696189821963,0.111225170718279,-0.133611401451577,1.54679794016615,-0.102494592851625,-0.0415570504980968,36.576297443842,30.7,31.8
72,"ILL 3347 AGL","India","Asia","2",-5.53293922742235,-1.92010975820145,-0.237629457952188,-0.104913892012819,0.532254251173543,-1.29449708498058,-0.213391690905698,0.364670572496312,-0.656794486974187,27.4806800618238,22.4,26
73,"ILL 358 AGL","Ethiopia","Africa","6",0.148856244709373,-1.29734043659553,-1.74363633128137,2.08376431604935,-0.633152859494392,-0.0796177459449902,-0.420501421111358,0.481883988258829,0.0577364543768969,44.9122807017544,37.8,37.8
74,"ILL 3597 AGL","India","Asia","2",-2.95323985635205,0.286412310078519,-2.18227251158799,1.84945538503196,0.502098796502251,-2.92128737882985,0.563171945795406,0.953580196119735,0.251134646443334,24.9888143176734,21.6,24.7
75,"ILL 4164 AGL","India","Asia","3",-3.04420547477936,-1.77410629824053,-0.350328200507213,-1.5426733271707,2.06448062716536,-1.47871208580723,-0.243261569732734,-0.267901548594467,0.87101337524735,43.9102564102564,36.8,38.4
76,"ILL 4400 AGL","Syria","Asia","6",2.49640248163371,-2.38900466652611,0.742447763281834,-0.76815880296418,0.696587593292188,0.531513105777818,0.0540370569886928,0.448370620533796,0.750905270861347,65.0335570469799,55.9,58.9
77,"ILL 4605 AGL","Argentina","Americas","3",-2.64000436716385,-0.590042787167963,3.70161861444377,1.50410089221832,-0.914540438202792,0.15381381153776,-1.7624728635092,0.794945421274477,1.88173516029048,58.44,48.2,53.1
78,"ILL 4609 AGL","Netherlands","Europe","5",-0.793837207568202,4.08483063736455,-2.38556435768311,2.84622618691933,1.04335861713619,0.72411058738603,0.712847034662885,-0.457981690654987,-0.272410385684615,27.1926427879961,21.4,21.2
79,"ILL 4665 AGL","Hungary","Europe","7",3.99825222213139,-1.56372211950901,1.3070226659048,-0.358921802173397,-0.980978850129353,1.74623997746573,-0.356601742171702,1.15566981074552,0.362889943549036,64.582560296846,55.3,53.5
80,"ILL 4671 AGL","USA","Americas","6",1.68981726810154,-1.64456011781463,1.17151099808947,0.503886993006228,1.94910462239296,2.16607635184009,0.0448514815075444,1.25556586895035,1.46927357772255,69.8387096774194,56.7,54.4
81,"ILL 4768 AGL","Yemen","Asia","2",-5.4869222948719,-1.38068933326794,0.546434953534609,-0.195204233042796,0.0756130638897593,-0.56643171662273,1.64495466056127,-0.743289864312286,-0.9308003502835,35.6379310344828,29.9,34
82,"ILL 4782 AGL","Unknown",NA,"2",-6.57261554616648,-0.576441839509481,0.429051526529367,0.146341837776088,-0.363055945807079,-0.367659546786912,0.108136956937784,-1.11113377847623,-0.724564904819843,36.7431693989071,33.3,38.4
83,"ILL 4783 AGL","Czech Republic","Europe","7",7.61501418271351,-1.47352720333093,2.13105193785864,-2.03600357515673,-1.06511779794443,-0.312143045330076,0.175327923735935,-0.910125564381331,1.65208331476989,62.3731884057971,54.8,55.6
84,"ILL 4804 AGL","Libya","Africa","4",-1.07121953318883,-0.852146934149576,-1.46003372020963,-0.4436264115409,0.818489475961381,-0.894976056335077,-0.0924389545920277,1.19640978869421,0.592875335904003,34.5845845845846,28.4,29.2
85,"ILL 4875 AGL","Uzbekistan","Asia","8",5.04766129001628,2.60145902236126,0.614327390973449,-1.91231119332213,2.38203767221844,-1.72635673231548,0.395785760990135,-0.200068187415107,0.909668706555124,27.2653429602888,19.9,22.1
86,"ILL 4956 AGL","Portugal","Europe","7",6.96466422487904,-2.78548385436705,-0.885605836180901,1.64538058981309,-0.901708639439142,-0.994821455511373,-0.208334238113789,0.624037498587545,0.0469323970518963,41.9642857142857,36.4,30.4
87,"ILL 5058 AGL","Spain","Europe","4",2.10323541224885,0.251926162649364,-0.877932245728545,-2.73918794010403,-1.43817965606785,1.93653212341242,-0.144927127224128,2.09915208201993,-0.449012206260861,76.2035225048924,55.4,69.7
88,"ILL 5151 AGL","India","Asia","3",-1.59372021521839,-3.87540111563831,1.64149447922532,-0.491154452382866,1.38103747359801,-0.0228209310026625,0.275643388352203,1.69063212543677,-0.414197004250182,42.1084337349398,33.2,32.5
89,"ILL 5209 AGL","Jordan","Asia","3",-2.55702569790819,-2.72656050332843,0.809283444566981,-0.8633401964897,-0.205165892462241,-0.218540054110814,0.149426388006365,0.171370691707428,-1.26921761532373,46.0863309352518,37.6,39.4
90,"ILL 5480 AGL","Czech Republic","Europe","7",4.37307307042804,0.202705790172569,-0.92768456079135,-0.668174621957183,-1.18112914567449,-0.805369270695538,0.297951497057668,0.774866027722001,0.107578608680026,48.9724770642202,38.8,34.5
91,"ILL 5639 AGL","Ethiopia","Africa","6",0.538166778768776,0.135223658788218,-0.974523014634383,1.60195591029446,0.307465412723367,-0.497556276205936,-1.84061376605047,0.0238965881607433,-0.478679954834397,36.9723018147087,30.9,32.6
92,"ILL 5722 AGL","Turkey","Asia","3",-1.48768918518885,-3.91776882181495,0.113216267601733,3.12706967671135,0.105291569755867,-0.143891253672485,-1.26609134398843,0.376684710171233,-0.548445213821339,59.0322580645161,46.6,47.1
93,"ILL 5883 AGL","Jordan","Asia","3",-1.76426961062804,-6.02469148872464,4.06558288103822,-2.1969592658985,2.47302075587874,0.243931119760802,0.0496590280309809,-0.874193653164326,-1.18313457949824,51.9575856443719,49.9,38.6
94,"ILL 5888 AGL","Bangladesh","Asia","1",-13.1489613140934,4.70357311755623,4.1264911339931,-0.837263664010395,-3.94590878003779,3.13986732150247,-2.31880603087924,-0.957833348718736,5.08561853852989,38.4,32.3,31.2
95,"ILL 5945 AGL","Ethiopia","Africa","2",-6.99208804760563,-0.84689276629188,2.32203592556292,0.951277752852839,-1.2811463847305,-0.912157928113757,0.229564442356611,-0.0944527944975481,-0.684077628029244,31.7535545023697,30.2,28.1
96,"ILL 6002 AGL","ICARDA",NA,"1",-5.91905858406884,2.04912714542137,6.61272289732681,2.48761474034898,-3.25106427916233,-2.13805002133623,-0.970198832672888,1.56453356889591,-0.812300913763767,61.5161839863714,46.5,44.5
97,"ILL 618 AGL","Tajikistan","Asia","6",1.32091000128868,-2.22895134228896,-1.99251073704067,1.54163086288272,-0.055496730426706,-2.01768767210564,-0.745952691706579,-1.90520460691115,-0.463575393009969,28.3881856540084,25.4,26.1
98,"ILL 6182 AGL","Tunisia","Africa","2",-3.55096370957442,2.00420755919888,-0.604096547273644,0.716762254742656,-0.587022145516566,-0.576762369703425,-0.821718820365277,0.204508957327328,-0.355889139544715,27.9676511954993,22.5,28.7
99,"ILL 6211 AGL","ICARDA",NA,"2",-1.72930567957246,1.69402399285982,4.03468709230772,3.4027806138999,-3.17374452153147,-1.94073930271829,-0.5180450646148,1.13862875551012,0.0334618886908868,59.7745571658615,45.7,43.8
100,"ILL 624 AGL","Macedonia","Europe","8",3.73241685418233,0.0892262066891367,2.5642496640771,2.81107035447792,1.77020727092003,-0.43478580491602,1.29599150600975,-0.212071279733278,-2.11047093558676,30.4597701149425,23.9,27.2
101,"ILL 6821 AGL","Ethiopia","Africa","3",-0.420133017521714,-4.6762104929855,3.31005156691032,-0.639028939589296,3.36530158281851,-0.240547737905797,0.765523328104728,-1.60059375576043,0.0904423826758936,40.0244498777506,30.8,32.3
102,"ILL 6853 AGL","Syria","Asia","3",3.24786625172837,-5.25910153602086,3.56329079032367,0.519528800842902,0.829167113178747,-0.558715885816265,1.73682551366629,-0.309162423317099,0.981669970221231,74.744094488189,66.6,57
103,"ILL 7089 AGL","Russia","Europe","6",1.38889234504939,-0.655355270599061,-1.83136949108607,2.43364304084356,-2.32081322311804,1.19371581945274,2.46773671724126,-0.699599154405142,0.46583278470643,51.8493150684932,40.8,36.7
104,"ILL 7558 AGL","India","Asia","3",-3.43537786634138,-1.37329307980544,5.31518291994039,-0.170695849025965,-0.742470008726312,-1.15971461701393,-0.625276563715235,0.538249388460356,-0.0913638729099712,63.314447592068,60.4,57.3
105,"ILL 7663 AGL","ICARDA",NA,"1",-10.6230870233763,3.16540388774974,7.32396566878578,-1.5641083993839,-1.93705707372709,-1.64839222215761,-0.752593161733091,-1.84236159658306,1.28518378703789,40.1944444444444,35.8,36.8
106,"ILL 7668 AGL","ICARDA",NA,"2",-4.37919519977151,2.59079443685483,-2.10943671802712,-0.0230199195497461,-0.407303655264769,-0.7958028214811,1.40460135582356,1.6655560445271,1.37177767165644,34.7749196141479,27.4,31
107,"ILL 7716 AGL","India","Asia","3",-2.00360104209473,-3.15679526001688,5.73614161166503,1.0493612142706,-0.563413098846448,-0.909578324120894,0.344376903136485,1.17472861867126,0.707643610381512,57.8590425531915,50.3,51.3
108,"ILL 7747 AGL","Syria","Asia","5",-1.88422213881357,2.61702763767679,-1.02741662145701,3.45303965683448,3.13267055895301,-1.33198204635443,0.933824038168344,1.88996958903757,1.1861341469454,34.6938775510204,28.8,24.4
109,"ILL 7946 AGL","Syria","Asia","3",-1.5319308787702,-5.4582733751565,2.44527181209836,-0.569691817625355,2.17256145671781,-1.07356149695741,-0.154859927171291,-2.15581848525205,-0.131269434457302,41.3141025641026,44.8,45.9
110,"ILL 7978 AGL","Ethiopia","Africa","2",-5.34475631646693,-1.44757720101323,3.54546770447685,1.3069438723494,-1.3777919707099,-0.883521369613927,0.798852782787278,1.58492657999416,-0.720507375422204,48.0724637681159,39.9,43.7
111,"ILL 7979 AGL","ICARDA",NA,"2",-4.35466468865901,1.85307282614732,-0.0783829932342059,0.553109996243752,-0.897339241069917,-1.98707284608403,0.222054517243765,1.55002433895108,-0.382312883078274,28.5913312693498,25,30
112,"ILL 8007 AGL","Bangladesh","Asia","1",-11.0378662160863,0.516265563928181,2.40220349626832,-1.0478975909354,-1.74112370454661,3.12855761080484,0.949661389559975,-0.849674489852638,1.05815418581281,33.2805429864253,28.8,27.3
113,"ILL 8009 AGL","Bangladesh","Asia","2",-8.41035157625904,0.425754366955468,-1.8690792080428,-0.215735030720371,-0.317213093151351,0.252116808631144,2.56372543900357,1.64892323682688,0.0779108388369925,23.5555555555556,20.7,23.5
114,"ILL 8010 AGL","Bangladesh","Asia","2",-5.2092283841097,1.4786237472302,-0.506112961978761,-0.904509373398041,-1.52981778594543,1.79703881669497,-0.634871191254229,-0.114061376426401,0.437622822556161,26.6146341463415,23.2,23.9
115,"ILL 8072 AGL","India","Asia","3",0.211072593062486,-4.52271697127427,1.8251070881868,-1.37711562044685,1.03609430960737,1.12261626170356,-1.00439486478545,-0.585974376771499,-0.672363671726162,75.3389830508475,64.9,62.7
116,"ILL 8174 AGL","ICARDA",NA,"6",3.98831368058494,-2.1627849072649,-0.272994887263861,3.77953776601219,-1.89789637363901,0.441257879193314,-0.507481461150434,-0.692854436083245,-0.490204101234269,69.820788530466,60.7,44.6
117,"ILL 8595 AGL","Ecuador","Americas","6",0.5890758412,0.403250395790638,-2.03347633517587,1.90709745630705,-2.06485163318691,-0.227583665748596,0.612452989217611,-0.619123002766145,-1.39910439338196,55.4516640253566,44.4,42.9
118,"ILL 9 AGL","Jordan","Asia","3",-3.28849012590078,-3.3353801176418,0.107454918645115,1.22437955736581,0.474375564298134,-0.0685498727611636,-0.427502025891347,-0.105008610506589,-0.123052130394829,57.8125,49.5,48.3
119,"ILL 975 AGL","Chile","Americas","3",-0.728095961716523,-3.13319203255223,1.40592236824117,0.996159579649609,-0.0496514545599277,-1.05909335656179,-0.000109706713440518,-0.981720608862807,-0.828631321974545,40.1072386058981,35.1,31.6
120,"ILL 9888 AGL","ICARDA",NA,"2",-3.4295779337509,0.305499833568716,-0.47829737752059,0.916263114799909,-0.152671375155132,-0.0447850506867273,1.39072359357333,0.665425365169845,-1.62575837548682,30.762331838565,28.3,24.8
121,"ILL 9932 AGL","ICARDA",NA,"2",-5.08436789432564,-0.224748476505139,-2.0907884271383,1.05908480649159,0.726924067409843,-0.932176926688566,-1.37438577816633,1.98993262866518,0.559612938126385,30.5535714285714,28.2,29.6
122,"ILL 9945 AGL","ICARDA",NA,"2",-5.18265576299027,-1.51528516004281,1.55310021080279,1.30228656531787,-1.42250285750255,-0.0779778596931765,1.28909618897102,-0.637555832073215,-0.99283246013977,37.693522906793,32.7,33.8
123,"ILL 9977 AGL","Jordan","Asia","2",-7.43031855502342,1.80946371081349,-1.22229222294718,-1.2635866385185,-0.91239195325145,0.0886131928759326,-0.830520442225194,-0.568149374715569,-0.414106962820975,34.9267399267399,28.9,27.3
124,"ILL 9997 AGL","ICARDA",NA,"2",-6.20118095819233,0.159437738885814,0.820661895232779,-0.57123765800056,0.138418247946579,-2.9978285021482,0.0770157428851038,-1.11482759770542,0.895548034367152,39.4332723948812,32.7,27.8
125,"ILWL 118 AGL","Syria","Asia","4",-1.56400914629641,2.56373725146588,-2.77311073866553,-2.00338826136227,0.11547678316896,-0.549913193663863,-0.141417427439077,1.37108697857335,-0.0793814318769479,31.6862416107383,25.6,27.7
126,"Indianhead AGL","Canada","Americas","8",7.69304928583864,3.74549046559984,-0.382923834253668,-2.40935846818301,-1.08460133703622,-3.79699700646988,-0.973873912487902,-0.0821450586716315,-1.74551622902037,23.7138508371385,16.9,18.8
127,"IPL 220 AGL","India","Asia","2",-5.45684658737314,-1.30402777581376,-0.713073761314053,0.810826967810842,0.354549255654264,-2.7647561840547,1.12166419261895,-1.79982756171669,1.02349061398221,27.8492239467849,26.7,29.6
128,"Laird AGL","Canada","Americas","7",5.28363326827405,0.17588280771328,1.65056874205151,-2.14749816128837,-1.65004297088662,0.584225212775709,-1.13121157745878,0.403874094965291,0.821043884221683,64.4373401534527,56.6,44
129,"LIRL-22-46 AGL","India","Asia","1",-8.37103589324463,3.228555188215,4.1046413237957,0.683366086367719,-2.99951384100829,0.16709041427084,-1.43564732374243,1.11467840306423,1.12451546652219,39.5671981776765,33,38.8
130,"PI 163589 AGL","Guatemala","Americas","4",0.701766012861254,-0.0667207183936745,-0.487002131406857,-2.40299081059568,1.22992589166098,-0.588216494646252,-0.505505480439685,0.316004538671975,1.45007200240725,57.5637393767705,47.4,41.3
131,"PI 169534 LSP AGL","Turkey","Asia","4",2.39337038836667,2.40867578632761,-2.29526818000469,-0.682369220261402,-1.00763081336299,-0.1030413030355,0.24246801948995,0.258793777198265,-0.60961397904723,28.698347107438,21.2,24.8
132,"PI 175754 LSP AGL","Turkey","Asia","4",-0.303449448872289,1.05519547880569,-2.6228206150837,-1.01510852012389,-2.11822736711419,1.2869931527496,2.38861042756133,0.0656139025701907,-0.0120821313090648,45.347137637028,32.7,40
133,"PI 177430 LSP AGL","Turkey","Asia","4",-1.50460115921799,3.12861570441665,-0.221429494500011,0.00774695697715661,0.407226249423729,0.352206256904009,0.598702015726807,0.948295004121861,-1.4105135336001,39.4534412955466,27.9,32.5
134,"PI 178939 LSP AGL","Turkey","Asia","7",4.5600038474447,-0.807719210815183,-1.63290912534308,0.878574531238084,-1.21191876237586,-1.37702610816521,-0.563128489152313,0.258170218518767,-0.774445084987734,28.4911986588433,24.3,27.2
135,"PI 178952 AGL","Turkey","Asia","4",-3.1526950369308,3.30800504322684,-0.353025561354998,-0.91114682923295,-0.547848356614623,2.79248328094653,-0.216166678142274,-1.21988034703409,-0.863770048038009,34.4991511035654,27.1,28.2
136,"PI 178971 LSP AGL","Turkey","Asia","4",1.30851960532353,2.827473609402,-1.58494226974695,-1.84867391390195,1.83985208386511,-0.458543800562999,0.36066290568086,0.917616965351708,0.670699798225003,27.7964323189927,23.5,25.2
137,"PI 179324 LSP AGL","Turkey","Asia","4",-1.2653248135644,-2.25391358535341,-2.10453296593793,-1.99817574181469,1.14561035723006,-1.65289585073051,0.217579356950343,-0.60552164830267,-0.311431524229517,40.2091254752852,33.6,29.8
138,"PI 179330 AGL","Turkey","Asia","6",0.823460820368714,0.180719358513906,-2.5297096822426,0.0296710288300205,-2.58941281899148,1.03441424262031,-0.362446643133135,-0.789320483943934,-1.23903714325706,46.151832460733,41.8,33
139,"PI 181771 LSP AGL","Lebanon","Asia","4",2.12898159001013,0.248160455915766,-0.255168180207341,-2.49040431536324,-0.115375908528191,-0.297034801445621,0.818436813240813,0.204224603280879,0.442313438167306,27.6248904469763,23.7,26
140,"PI 181886 LSP AGL","Syria","Asia","3",3.0361692271003,-4.37465626858599,2.75587737036048,0.37668667439233,0.336563976041004,-0.22302117532996,1.95068026873212,0.725081302171128,-0.311444355888431,74.0939597315436,62.3,50.4
141,"PI 182217 LSP AGL","Turkey","Asia","4",-1.74360344903224,1.01906400569137,-4.07215676667089,-0.637420258621833,-1.80247297345159,1.47594311715025,0.983079836053944,1.12421327645605,0.117665045568268,30.8467741935484,23.6,28
142,"PI 193546 AGL","Ethiopia","Africa","4",-3.65682478790465,-1.16402732314617,-0.783193865316051,-3.44385403382284,-0.245080439134135,1.33663456085997,1.3695378828602,-0.641172762481848,-0.274026541362845,43.6543209876543,36.7,33.9
143,"PI 193547 LSP AGL","Ethiopia","Africa","5",0.210959839822928,3.74851424086519,-1.40020487341186,2.50757832526756,6.51646293537859,-1.12744588678876,-1.35165594170349,1.24983859008073,0.219141922906482,26.5604249667995,21,22.7
144,"PI 193548 LSP AGL","Ethiopia","Africa","1",-8.55178237561113,2.56748162520751,1.15367124629626,-1.6366919513571,-1.49672736389999,1.87526699861987,2.56158832804678,0.729394063589719,2.1982069501367,31.2719891745602,27.5,27.5
145,"PI 193550 AGL","Ethiopia","Africa","2",-5.85327325545364,1.92211255703993,2.30552358324671,2.48791227085368,-3.55650999004887,0.316686473390891,2.09157447027308,0.576936565643606,-2.51260075000593,27.7663772691397,27.9,26.7
146,"PI 207492 LSP AGL","Afghanistan","Asia","4",1.76159164354404,0.106449666546551,-0.82212676126761,-0.676929818701714,2.25689331204411,-0.926364353636034,-1.18968123641851,0.640192077156827,-0.804918757992223,27.6917057902973,22.9,25.9
147,"PI 518731 LSP AGL","Brazil","Americas","6",2.95390972120084,0.446754151059896,-0.856054098248689,2.20603504505043,-0.0816742562488953,0.435329804903686,-0.231238990348079,-0.428340641186185,-0.396847658651092,34.0133460438513,32,28.3
148,"PI 209858 LSP AGL","Greece","Europe","4",0.635118281739205,2.45336383797304,1.75971703996196,-6.57280622852914,1.25203626940859,2.04825635799133,0.442525488040792,1.64128521489038,0.345166805267423,38.6089238845144,22.2,34.2
149,"PI 211052 LSP AGL","Afghanistan","Asia","3",0.223863668679076,-2.37559515752222,0.0704340497186595,-0.501317591286272,3.32623945564699,-0.835308420657168,0.694482662618774,-1.44655576137233,-0.299515572869505,25.2452583387835,21.1,23.8
150,"PI 212100 LSP AGL","Afghanistan","Asia","4",1.78953309250033,1.33628601029412,-1.08495431969618,-2.24753386322172,2.059161690065,-0.933192331117438,-0.0205704729395002,0.584165624387694,1.53118410644609,27.5443383356071,24.5,27.4
151,"PI 212610 LSP AGL","Afghanistan","Asia","5",1.78625097812316,3.56893948079715,1.17712926047992,0.975789989877671,3.79345212518321,0.0743571712396086,-0.1847214335733,0.221571442312632,-0.129258102229202,27.28,19.9,22.8
152,"PI 217949 LSP AGL","Pakistan","Asia","2",-4.70321596378229,1.24584217614275,-3.90841883069373,0.732295721064554,0.962197156671278,-1.45697949810052,0.363086798983132,2.08722007300605,1.73874253899381,23.0480949406621,20.9,22.3
153,"PI 238758 LSP AGL","Belgium","Europe","6",4.31443470117807,0.453979051870236,-1.46714189949028,2.55881865445518,-2.61159668321317,0.0487563201867756,-0.138474277150881,-0.885380976647349,0.899371451178617,64.5982142857143,55.9,44.1
154,"PI 244046 AGL","Yemen","Asia","1",-11.403980718795,2.62096070277736,2.21507568974434,1.08595171311223,-3.44493902270404,-0.646909655117728,-2.62426231326458,0.198136195176125,0.35115887798841,32.7288578901482,32.9,32.3
155,"PI 250156 LSP AGL","Pakistan","Asia","5",-5.19165338324285,5.58798000680957,-0.146847702262709,1.05570245441118,3.99293887468213,3.13080779065589,-3.14239926572149,0.789144471252352,-0.399776082654043,27.1260683760684,25.6,24
156,"PI 250158 LSP AGL","Pakistan","Asia","2",-6.27385778178113,0.525547987363646,-0.578880173751341,1.16837802739117,-0.128134510855934,-2.99304508314007,-1.76957045689703,0.712940481606334,0.154313225006118,23.7626628075253,21.8,22.9
157,"PI 251248 LSP AGL","Egypt","Africa","1",-12.9000636425024,6.00457791671038,7.16085418666724,1.20753088031899,-1.24988264189817,7.14199303060894,-1.94882333597748,-2.86061740954074,1.34460713683108,31.7980022197558,33.6,33
158,"PI 273664 LSP AGL","Ethiopia","Africa","4",0.827784050543277,2.83958791320667,-3.20484850011646,-0.432018300793674,-0.835339679391621,-0.160032477018188,0.241323240166829,0.0669797519666646,-0.395109827004879,27.8790697674419,28.6,22.8
159,"PI 280686 AGL","Egypt","Africa","2",-3.21061504610924,-1.2156701868473,-0.747561360057898,1.69799970335061,-0.58487621414637,0.197150491441561,-0.916316462527768,-0.711365264563211,-0.798298617888123,36.9102990033223,34.3,38.3
160,"PI 283604 LSP AGL","Portugal","Europe","6",2.00667089535245,-1.45061505100134,-0.0806908379975154,-1.4171489941879,-0.713325807471166,0.972955392209036,-1.58569221162572,1.17844844466218,-0.434994431178403,69.0576923076923,55.8,54.3
161,"PI 289066 AGL","Czech Republic","Europe","8",3.22610491547658,1.92438524174127,1.5009590654648,-2.3209144904753,3.38140192782225,-0.483617531280748,-1.16410259554465,2.24010219561234,-0.86606496539015,40.0125313283208,24.8,32.5
162,"PI 289073 LSP AGL","Hungary","Europe","8",2.65003626309809,3.42185637882655,0.862035428854873,-2.86123616430215,-0.788513146253964,1.28742099845574,2.77117648618674,0.537307847958004,-0.22931394987161,31.8814139110604,27.3,32.8
163,"PI 289079 LSP AGL","Egypt","Africa","7",6.53419868244453,-0.525739046597058,-1.05592329874409,-0.299292424299194,-1.27540606702587,-0.913101753214621,-0.655435877757013,0.455825913869781,1.26069721825435,33.5398230088496,29.8,28.4
164,"PI 290716 LSP AGL","Unknown",NA,"5",2.00060411781755,0.809306329341435,0.288974857462845,2.01799492856955,2.67741976662928,0.0324062857113284,-1.59424173190482,0.42777410850128,0.822860775983878,33.9245283018868,34.7,30.4
165,"PI 297285 LSP AGL","Argentina","Americas","7",5.39523445288671,-0.501718479224536,0.026477944457029,0.852417056589936,-0.692995254921352,0.447847161126164,0.190733814707865,0.16181874147437,2.30105930551959,51.2481857764877,44.3,40.6
166,"PI 297287 AGL","Argentina","Americas","6",2.36250949864374,-3.42712632997993,1.08028436983394,-0.613470991966814,0.488420561247301,1.74739318090217,-1.27870639313993,0.303136807573484,1.46601050597599,65.1449275362319,65.9,61.1
167,"PI 297754 LSP AGL","Greece","Europe","4",0.839394697622053,0.0973093170537079,-2.7404957792299,-0.0236080328203859,-0.480901768634807,-0.242868171146353,-1.19473079769693,0.0505700712478329,0.276624874994925,29.8201798201798,23.4,27.3
168,"PI 297767 AGL","Greece","Europe","7",4.14973268300246,-0.973537408301529,1.95141544496201,-3.14797260947122,-0.835470056367994,1.63817041294186,-0.407824937627962,2.18696555380982,0.219690950956347,69.3835616438356,63.7,62.7
169,"PI 297772 LSP AGL","Greece","Europe","4",-3.0505440371565,1.06351303795621,-1.09450535878148,-4.34041589049441,1.78055470469828,-0.434402675656064,1.16197384017878,0.239893797641443,-0.0932739985171135,37.8145695364238,29.8,29.5
170,"PI 297783 AGL","Ethiopia","Africa","2",-6.71871733234954,-0.639161107922096,2.1145905538155,1.47490725899918,-1.02218938224878,-1.23016485240413,0.890002019647757,-0.0114919774208161,-0.234814101637716,31.1379800853485,28.3,29.4
171,"PI 297787 LSP AGL","Russia","Europe","4",-1.64672381466858,2.59284674944747,-2.02271912811211,-1.37313585337472,0.0448944082277857,0.319841949864462,-0.710305083072644,-1.53951392389515,-0.673028001626157,29.0264650283554,22.3,27
172,"PI 298023 LSP AGL","Turkey","Asia","6",0.122332628583982,-2.4647796797496,-1.14644643792102,2.13953802146259,-0.961831252123192,1.11604226405323,-1.30115492967674,-0.193939125867829,-1.44056683351889,65.9049360146252,64,50.7
173,"PI 298121 LSP AGL","France","Europe","6",3.93889061125441,-2.06103324741479,-0.910408059836462,3.06392113483808,-1.21985684061915,-0.498613391866243,-1.60084077962275,-0.159441541468306,0.32405108984783,43.768115942029,41.1,26.7
174,"PI 298122 LSP AGL","France","Europe","7",5.45715920210567,1.5544305480256,-0.463704854354755,-0.657652698674939,-2.42512035628902,0.0268168097109181,0.890702358156658,-0.431139418344089,0.734870550254239,34.6125907990315,31,26.9
175,"PI 298357 LSP AGL","Egypt","Africa","4",-1.40340215450794,1.06142214703303,-4.68139378230348,0.937299522825427,-1.78450566494653,0.605629855880778,0.857927543923941,0.240177954300473,-0.627437672529591,30.2062868369352,24.1,26.8
176,"PI 298631 LSP AGL","Peru","Americas","7",5.22453810606249,-0.859199614062267,-0.108932100111034,-2.55573449455481,-0.260167341034506,-0.446448532134805,-2.91796945443307,1.07940978238726,0.26063538296967,69.7959183673469,63.9,53.1
177,"PI 298644 LSP AGL","Spain","Europe","7",8.10900167117577,-1.02172230420401,2.20075917932469,-3.54063933891369,-1.05425953746654,-0.453436673020091,-0.378706245455253,0.917059357502775,0.960107566876711,68.9804772234273,65.2,60.4
178,"PI 298645 AGL","Spain","Europe","7",3.2726762885342,-0.426565914117297,-0.07951737635135,-1.61878966497071,-1.27876175489764,-0.26454820429865,0.327553867125444,0.948497970101228,-0.793242659272217,55.2370689655172,45.3,42.2
179,"PI 298921 AGL","Italy","Europe","4",-0.262721025139208,-1.4938208102601,-0.540645992522554,-0.722004476135155,-1.05052066281306,0.939571040110069,1.49853630709427,1.14346235225653,-1.25868654597314,68.6642599277978,55.7,54.7
180,"PI 298922 LSP AGL","Italy","Europe","4",2.2854582375703,2.63299452533812,-0.251615709301844,-0.0844437213522438,-0.622447102324256,1.17269619374084,0.861695577182499,-0.0768056607638691,-1.06249374601889,31.1921965317919,23.5,26.8
181,"PI 298923 LSP AGL","Italy","Europe","6",2.45976261796486,-3.24032040203668,-0.450148772546318,1.51249443878271,-1.37523664186372,1.96307962262961,1.30098055575539,-0.0268159449724388,-0.279706053613972,65.7244655581948,62.3,58
182,"PI 299116 LSP AGL","Mexico","Americas","6",-0.0204614166629517,0.405165332709205,-1.24137609643857,2.66140563353828,0.919500606486696,0.203462868885769,0.551035075525646,0.438966627975886,-0.526552627032248,30.9385382059801,25.7,27.4
183,"PI 299120 LSP AGL","Mexico","Americas","3",-0.37695126423615,-3.33281779194951,-0.013836474652026,2.12094097799322,0.607200213020652,-1.32747158194893,-1.26121005388538,0.0379541341911545,0.338755018247453,38.3379501385042,35.3,32.5
184,"PI 299121 LSP AGL","Mexico","Americas","6",-1.79171831480347,-1.08568451148346,-0.780752187164602,1.44880455063592,0.137305922575333,-0.497450130744126,0.0254628258399318,-0.0148913019436141,0.958323261583657,39.0142517814727,31.3,37.3
185,"PI 299126 LSP AGL","Mexico","Americas","2",-5.06731618889821,0.528542565595899,-0.177191374155953,-0.0813018714909404,0.798427980192077,-0.0765836374554452,1.81085836261284,1.15666100012075,-0.646122895499639,36.7256637168142,28,29.7
186,"PI 299163 LSP AGL","Chile","Americas","4",0.643179767933757,1.1383895836384,-1.23751052269736,-2.88751235569995,-0.990681763634014,1.22519343908545,-1.87297205815973,0.889585456905232,-0.24253089277981,71.0364683301344,58.7,54.6
187,"PI 299164 LSP AGL","Chile","Americas","6",0.545380765071576,-2.26075495517958,-0.283665384739166,-0.748921929842371,-0.664112812669387,1.74603120307627,0.304680932830721,0.286242142551566,0.386392533685398,63.8049713193117,57.1,56.4
188,"PI 299165 AGL","Chile","Americas","6",1.31711712982542,-3.48495112993361,-0.473318361427003,0.303590401356311,1.02939245227509,0.552968731576962,-0.99886217469719,1.21384383591596,1.35452827556218,59.8257839721254,53.7,49.6
189,"PI 299177 LSP AGL","Chile","Americas","6",2.17046147092883,-0.761577461750614,-2.013355075769,3.18123348731469,-0.481561173834556,1.70204983901171,-1.26990422461174,0.448384943973056,0.216824645671624,60.9911894273128,57.2,48.9
190,"PI 299237 LSP AGL","Chile","Americas","6",2.52204172914637,0.0746681880304954,-2.80524880290365,1.81209618926436,-1.58424926868423,-0.00870900152971226,-0.902582531649937,-1.20755169506395,2.34344485316896,46.40625,41.1,40.4
191,"PI 299289 AGL","Chile","Americas","6",1.57891202503917,2.1897070437664,-2.22569971798091,1.98772923293099,-1.49197707193117,0.753857980370802,-1.55603625688983,0.796330266616827,0.333740764307022,45.8656036446469,35.6,32.6
192,"PI 299312 AGL","Chile","Americas","7",3.24752300794657,-0.602291164692949,1.74922465640313,-2.43673437767338,-2.00705777755522,1.6308494562065,-0.634007413155841,1.14739694121727,0.0452988029102226,69.718574108818,65.8,57
193,"PI 299345 AGL","Chile","Americas","7",3.63902392394321,0.120974540630558,1.19331497567403,1.17154109937067,0.297961887984547,1.44703342185188,-0.698139710918692,2.070388468941,0.0792448068182231,64.4856661045531,59.6,52.9
194,"PI 299351 LSP AGL","Chile","Americas","4",-1.63860312557255,0.521318755311556,-1.65891340479581,-2.24101565711524,1.22809514186355,-0.409233462554502,0.0386721776961694,-1.37007858185091,-1.3123929191446,34.7083333333333,25.6,30.9
195,"PI 299366 LSP AGL","Chile","Americas","6",1.40690259005553,-3.27924125707618,0.815343921405325,1.25508350207987,-0.82154238390899,2.24830403159394,0.472513396392424,0.750105486455864,-0.057315364939513,61.9646017699115,56.4,45.1
196,"PI 299375 LSP AGL","Chile","Americas","6",3.32961019228893,-3.18476746251873,0.788573820994923,1.19528567612676,-0.514802596015338,1.01910378606252,-0.2024912221454,0.079311932545403,1.62603987518675,66.5055762081784,66.5,64.2
197,"PI 300250 LSP AGL","Syria","Asia","4",-4.20488111880819,4.84539118360461,-1.27628099217774,-1.94713248083331,2.33529180912576,1.08930779141695,0.218144968481397,0.953181282514077,-0.263670339837057,37.9270833333333,30.7,28.8
198,"PI 302398 LSP AGL","Jordan","Asia","3",-3.84202501106891,-1.93427321682567,0.928137698644369,-1.68464903230186,0.624872155824469,0.0841110509770704,0.340463057193591,-0.440687985995766,-0.529854720252273,62.8275862068965,49.4,53.7
199,"PI 308614 LSP AGL","Syria","Asia","4",-3.2540189077346,-0.2134088699425,-1.57061471134727,-4.46172395365497,1.55745637456921,-0.386701474575541,-0.17138442608294,-0.272951691785259,0.971153537554498,38.6571879936809,33.9,34.5
200,"PI 311107 LSP AGL","Guatemala","Americas","7",2.87377681705504,-1.65225538096224,0.434037476233003,-1.41507839205789,0.212355955080205,-0.56282295493657,-0.431695424648277,0.96342224136307,-0.00367602759102753,55.6507936507937,38.9,35.4
201,"PI 312175 LSP AGL","Mexico","Americas","8",5.28529192480243,2.22478498666129,0.0725451937571049,0.570948359025773,0.397313948324033,0.294928655884643,-0.828987027125659,-0.512874425772691,0.84689047633624,33.6285097192225,28,27
202,"PI 320935 LSP AGL","Iran","Asia","5",-0.732348745335629,3.56330302678196,-0.705845423087292,3.71572451865969,2.50607370124105,3.13897756640822,0.875211833895549,-1.22473073583902,1.16992317633905,36.8652037617555,32.1,34.9
203,"PI 320936 LSP AGL","Russia","Europe","8",0.157602276396451,4.59288494577945,2.97264152596334,1.55963703076887,-2.26428888209714,-2.29084788348641,2.09250952676663,-0.234719683465615,-0.843276906830315,30.9012875536481,24.9,26.4
204,"PI 320937 LSP AGL","Germany","Europe","8",4.9267698760447,5.33275838723231,1.30622681508278,-3.13237398081132,-1.34918226783642,-0.827265969142784,-0.496614262004959,0.268334234359299,-2.93465785524449,28.343253968254,18.5,21.5
205,"CN 105866 AGL","Tunisia","Africa","7",5.51520519573188,-2.14756326167718,1.76430023711874,-0.966249559547353,-0.567561933155232,0.759515389689676,1.13091422040384,2.19581877388441,0.85159589151021,62.2551928783383,53,46.9
206,"PI 320941 LSP AGL","Ethiopia","Africa","4",-1.27473938818972,1.04571273068584,-3.56083670635986,-2.51669509205577,0.153654931541014,0.350788065841522,-1.04510438103875,-0.917772203331211,1.74927728479075,31.5005138746146,26.3,27.6
207,"PI 320945 LSP AGL","Bulgaria","Europe","4",1.65187293874435,-1.70180420246351,-0.380269016075148,-2.03569012572523,0.649796675621241,0.0593782142494066,1.04188270133134,0.49325769858905,0.388377740111405,42.4720068906115,31.7,36
208,"PI 320946 LSP AGL","Israel","Asia","3",-0.910669406972401,-2.70066820139315,-0.962406845914692,0.193979672581233,0.844742739058504,-0.285296911112986,-0.572874375898608,-0.128426502559584,0.676354537537897,44.1301627033792,42.7,37.8
209,"PI 320952 LSP AGL","Czech Republic","Europe","8",6.3382845388056,6.59206263673652,1.94671038314581,-2.17012333467813,-0.715174252481938,-2.82933021403417,1.2904777335946,-0.232533034481679,-0.167610657375822,24.7619047619048,17,19.1
210,"PI 320953 LSP AGL","Germany","Europe","8",5.61777557287378,6.40863807851244,2.26228078979465,-0.147955089261901,2.3328973496735,0.252983022634643,0.481840316758059,-1.05297514176492,-0.267757559195186,25.5451263537906,20.5,19.8
211,"PI 320954 LSP AGL","Hungary","Europe","4",1.55436017425363,2.00093995538421,-2.48739428650997,-1.54578837365873,-0.902813110707887,-0.39054043764192,-1.57181911287951,0.511302228475841,0.279199816213577,40.3921568627451,32.2,29.2
212,"PI 329157 LSP AGL","Iran","Asia","6",1.92459764413394,-1.67419158038745,-1.99782964439564,1.29726960372182,-1.05013359365706,0.295185301470034,0.869584624555783,-1.81182286038963,0.887361438149488,51.6904276985743,43,29.6
213,"PI 329167 LSP AGL","Iran","Asia","3",-2.44522516678985,-2.1599432002774,0.161140524426368,-2.83287316597054,0.00366599292358654,1.18480700029369,-0.764956736470986,-1.56681804531395,-0.64822306913873,63.8031319910515,62.7,49.1
214,"PI 339266 LSP AGL","Turkey","Asia","6",0.68268557755144,-2.55713955566741,-2.13028809227095,2.72074560939593,-1.28710587560653,1.45099818129502,2.0278586996407,-0.586088297817948,0.54380565916511,65.0735294117647,60,54.5
215,"PI 339283 LSP AGL","Turkey","Asia","4",-2.15534372733546,1.68123929535979,-1.97555168684469,-5.20467161061448,-0.40626609438655,0.807227281992625,3.71559897062113,0.60095912094341,0.400824892044695,42.5602027883397,31,35.8
216,"PI 339285 AGL","Turkey","Asia","4",-2.41203306076548,4.11189369799935,-1.88633575386632,-0.891551846699579,0.980296785712306,1.00464974209654,3.00151573749424,1.25021526582121,-0.434576411679201,39.3333333333333,29.6,31
217,"PI 339289 LSP AGL","Turkey","Asia","6",0.797137723595196,-2.7747910124863,-1.87039039478699,2.29165544578807,-0.931933444644176,1.06451274075783,-0.401824187166083,-1.09924265568051,-0.414327044728448,71.8693693693694,62.6,62.1
218,"PI 339292 LSP AGL","Turkey","Asia","6",-0.0634646594895903,-0.267975557547167,-1.91643677854234,0.792623081662733,-1.72257879350144,1.93352820681494,1.54441925239696,-0.081140622492148,-0.518699729820662,33.1345029239766,30.7,33.5
219,"PI 339296 AGL","Turkey","Asia","4",-3.29428700581792,3.37946801311624,-1.6184062816294,0.571187370642333,0.000937869564353493,1.54550545706987,0.504936831172915,-0.235389157324396,-1.43386883726032,37.7245508982036,31.7,33.6
220,"PI 343026 LSP AGL","Tajikistan","Asia","6",1.10902970743436,-0.0746569622317803,-3.16197376415573,1.88960577509495,-0.138418371469059,-1.46682744103361,-1.08527031556249,-1.08887677004811,-0.250014181226092,30.647619047619,23.1,23.5
221,"PI 345627 LSP AGL","Ukraine","Europe","7",7.49665045508741,0.768327778776216,0.0313617357374994,-1.4123745573672,-1.38399132798699,-1.00645063662059,-0.742683530521614,1.29181311655984,1.16949155432331,58.0237154150198,50.2,33.8
222,"PI 358602 LSP AGL","Ethiopia","Africa","5",3.27758106870008,3.45152662463051,1.3114306986762,3.23389966888846,5.46949773031152,-0.54878975830906,-2.56749288819603,-0.46482182591084,-0.841728746974663,25.5495772482706,20.1,21.3
223,"PI 368647 LSP AGL","Macedonia","Europe","6",2.66134340296899,0.699600542617179,0.0937630975602807,1.46007097816558,0.527895014640934,-0.196454930271175,-1.55830191971729,-0.386967536166127,-1.64927185526046,27.1799628942486,25.6,23.5
224,"PI 368651 LSP AGL","Macedonia","Europe","7",4.27966186686384,-1.41121203686384,-0.0431474767575852,0.292394386480338,-0.578845400484031,-0.248524507881251,0.228032270841795,-0.966418377392189,0.400682164162696,25.4582210242588,21.5,20.2
225,"PI 370481 LSP AGL","Serbia","Europe","7",4.71040365814579,-3.44564105913018,1.14727871420026,0.298538466370937,0.0751860568803535,0.685077894726931,0.858612773103322,2.24323687895142,1.22355750162572,64.4827586206897,54.4,65.3
226,"PI 374116 LSP AGL","Morocco","Africa","7",3.09935534001459,0.995717888321612,-1.60551080409541,-1.21640947235363,-1.48616901904065,0.347042854292974,-0.456476823277878,0.347266797372858,0.896078856219542,38.0340264650284,30.6,31.1
227,"PI 374117 LSP AGL","Morocco","Africa","3",-1.0990233115371,-1.41207212931249,0.584018452869052,0.937802514903605,1.43144624652103,2.13703561224269,-0.605316141088137,0.446610265430776,-1.02319124522488,42.6582278481013,34.7,34.4
228,"PI 374118 AGL","Morocco","Africa","3",-1.68310694493194,-3.73606683227039,2.3417100834415,-1.06003967561489,0.652179224733682,0.205217104328881,-1.54273780356389,-0.480128227711549,-1.51284188214712,41.2892376681614,37.6,33.5
229,"PI 374120 LSP AGL","Morocco","Africa","7",4.30963812991656,0.864276803188064,1.80018265491981,-1.50717517958256,-0.417385060192437,1.09810109464631,0.0915688512260143,0.414457390480691,0.0764245706841306,53.5649546827795,49.4,42.1
230,"PI 374121 AGL","Morocco","Africa","6",1.65335278687226,-2.79912307500448,-0.199587449939413,0.740838501314763,0.283396103637676,0.343437018714908,-0.216598684084432,1.01004159677424,0.342541489320071,59.1067538126362,55.3,52.9
231,"PI 379368 LSP AGL","Macedonia","Europe","6",2.08643899231186,-2.52490331731685,0.833522013847848,-0.00916623596974205,0.211701039136832,1.64048205982557,0.178496462296241,1.1231323836232,0.694136188963089,63.1578947368421,56.7,50.2
232,"PI 383682 LSP AGL","Turkey","Asia","4",-0.994068364891504,0.331920836568097,-1.98248618081774,0.53873572260456,0.289248520938774,1.26846482963636,-1.42986626807422,-1.03213060163173,-0.898977556001574,29.8729792147806,20,22.6
233,"PI 420818 AGL","Greece","Europe","6",2.7356324971109,-2.9085200970608,-0.767696586291549,2.3707659645415,0.357004490507927,0.258167942763131,-1.44891821755991,2.79746591377189,0.286984778134447,70.8367346938775,55.5,57.8
234,"PI 420924 LSP AGL","Jordan","Asia","3",0.748122295962656,-5.01902850019868,2.90068557455906,0.21604423601935,1.49462317963337,-0.141466362378994,-0.00745896255901427,-1.17999462648048,1.25559393570448,65.1449275362319,55.3,50.4
235,"PI 420925 LSP AGL","Jordan","Asia","3",-0.712850207773857,-5.48361530723102,2.32476829847394,-1.44987584355165,3.22835238885805,-1.03959587266783,-0.304021271619676,0.604839569375367,-0.264649444107416,36.1868686868687,32.6,29.2
236,"PI 420929 LSP AGL","Jordan","Asia","3",-1.71112220600012,-5.77768126410505,3.22272596513887,-2.52538117018803,1.92137045585165,0.560912196078907,1.11106066285721,1.55251691767883,-2.19655501908211,39.523178807947,30.9,33.6
237,"PI 426202 LSP AGL","Afghanistan","Asia","4",-2.06926889681465,-1.30696651072312,-1.04539142253693,-2.40296273041448,1.67172999139364,-0.531287489995784,0.129213146816165,-0.990781445393906,-1.15639506097952,30.3174603174603,22.9,25.8
238,"PI 426778 LSP AGL","Pakistan","Asia","4",-0.765674387385113,4.65941847383097,-1.82894067198918,-0.390862644457387,0.929705871774223,0.0991484861600476,1.05650209158537,-1.58254781183626,-0.479011807525841,26.9330855018587,23.6,24.3
239,"PI 426784 LSP AGL","Pakistan","Asia","1",-9.76781349209059,2.88714013336479,-1.56602311173432,-1.23363091088151,-1.20518131414114,1.89128865024398,-2.11096311516364,2.08620066711645,-0.0963806949053002,24.281045751634,23.4,23.6
240,"PI 426797 LSP AGL","Pakistan","Asia","2",-4.99061654649825,-1.058131249353,-1.99075702986266,3.20856693454309,-0.262865806924157,-0.962182135841256,-2.70079402876826,2.34905047436842,-0.133655099866256,24.2836468885673,23.7,22.8
241,"PI 426807 LSP AGL","Pakistan","Asia","2",-4.02141489975014,0.261718851588907,-2.97735089168703,-0.125227520916254,1.02418166614526,-0.267707997248349,1.03388514027576,1.88540342655035,-0.838308000878374,24.1708043694141,21.3,23.8
242,"PI 431618 LSP AGL","Iran","Asia","5",2.45805967096344,0.703455636487381,3.2362715458431,3.33445873786396,0.913368499654875,4.55839014916862,0.306460075624753,-0.871667484472059,0.502744880509681,58.8577154308617,55.9,61.5
243,"PI 431622 LSP AGL","Iran","Asia","4",1.58942280710826,0.204404792860008,-0.91224369723285,-0.866446457769942,1.43812573502626,0.780671344669058,-1.02028478936899,-1.39660188860826,0.960444747061886,39.7293640054127,37.4,31.7
244,"PI 431630 LSP AGL","Iran","Asia","5",1.673310217661,2.06462386667439,-0.982176597116791,3.65083498468794,4.76235608493926,1.99113540385415,-1.52951827970478,-1.41108042222828,0.601744346949712,27.9039301310044,24.2,25.5
245,"PI 431633 LSP AGL","Iran","Asia","4",-0.997484684872175,-1.92762530767011,-0.510719845986277,-0.978819375950721,-0.796772001648415,1.71883856856014,-0.358757226076896,-0.151127945291006,-1.00610605944965,71.1682242990654,75.9,58.8
246,"PI 431636 LSP AGL","Iran","Asia","6",2.74059457217478,-4.11696914823556,-0.114431012441035,-0.0458665160473363,0.764426536564934,-0.0394663716024247,1.89925746119383,-0.748461984802191,1.12528842246674,61.5192307692308,61.5,47.2
247,"PI 431643 LSP AGL","Iran","Asia","6",1.32803465526545,0.167684818099073,-2.28090134081242,3.81756385175752,-0.0493445235020798,1.18230395837326,0.784717376257837,-0.984946170721278,0.199080596800678,30.5394736842105,29.3,25.9
248,"PI 431662 LSP AGL","Iran","Asia","4",-0.974371555279117,0.512949450216884,-2.27572573394632,-2.69445175061646,-0.996758363354735,0.49301061977399,-0.443737431192371,-1.15236764631113,-0.441183587717779,32.4047306176084,27.1,28.8
249,"PI 431663 LSP AGL","Iran","Asia","4",0.450617450772133,-0.161243277560717,-1.66247817783281,-1.68382575221767,-1.10881266637449,0.243474623461995,0.416109712538783,-0.985528192817827,-1.1105791332306,36.7042253521127,32.3,33.8
250,"PI 431679 LSP AGL","Egypt","Africa","5",0.84535322238613,2.81554039038651,-2.05605446186361,-0.136121886005426,3.88664931683984,2.34715410526571,-1.14117647019432,0.815793925677489,0.0232738961172282,30.9638554216867,24.3,26.4
251,"PI 431684 LSP AGL","Iran","Asia","4",-0.00683627143982176,2.36974646800319,-1.8756012612346,0.814044528859381,1.23472187239196,0.884301442948141,0.584940829491517,-0.200184187539111,-0.22911880596792,31.2709030100334,25.6,24.6
252,"PI 431705 LSP AGL","Iran","Asia","4",0.419135988618721,-0.818335978643933,-2.03556005074429,-0.601540522095405,0.189734583766699,0.387930412697659,-0.683158007903744,-0.849944498572375,0.543662578214469,39.1747572815534,36.3,32
253,"PI 431710 LSP AGL","Iran","Asia","4",-2.66602561975079,1.09864821419775,-2.66680021306791,-4.84010017357894,-0.281979111376958,0.648420334859801,-1.01694558672573,-2.21917014193183,1.49095473813753,37.8398058252427,33.2,26.4
254,"PI 431714 LSP AGL","Iran","Asia","4",0.267252131138823,-0.768347595938425,-1.31281342243079,-1.66159048576167,0.491367952776627,0.730022447986441,-0.505959360889644,0.308042868820763,1.21367611526277,33.3516483516484,30.6,35.6
255,"PI 431717 LSP AGL","Iran","Asia","4",0.0690058714885585,-1.29080442911477,-1.06546610813385,-2.08781293853893,0.500616279587867,0.52119501380113,-0.679349859697434,-0.826893144399919,0.406105998858557,33.1616341030195,29.5,31
256,"PI 431728 LSP AGL","Iran","Asia","4",0.737455277768782,-0.783780678640161,-1.63217978934784,-2.39737570338672,-0.530872519710478,0.225412104508754,0.42149583322781,0.0214456885110639,-1.12551669203541,32.129246064623,27.7,29.5
257,"PI 431731 LSP AGL","Iran","Asia","4",0.191150779984376,-1.13531743827649,-1.62932218064252,-2.00152051341368,0.537953925340047,-0.320767199048153,-0.68909668915362,-1.5587458030789,0.893492875912856,33.557703025034,29.4,30.4
258,"PI 431739 LSP AGL","Iran","Asia","6",0.595433362488148,-0.658455500150076,-0.856892500303093,0.594772995205277,2.22525064165281,0.370038883604887,1.28453494949114,-0.53318500300825,0.660173772117326,34.665532372168,29.3,30.1
259,"PI 431753 LSP AGL","Iran","Asia","4",-0.887754701198094,-0.0842820421205511,-1.99733751706,-3.18857320644303,-0.165261634745772,1.4428094720452,-0.771295164145934,0.241265504300741,0.557051654658062,36.3513262500929,31.8,41.8
260,"PI 431756 LSP AGL","Iran","Asia","6",1.37873225256454,-1.94758960912939,-0.773347445719563,-1.39399161276294,-0.367119050521185,0.145659863942795,0.409014283923416,-0.895915532354808,-0.838594014329526,34.5722300140252,34.3,33.2
261,"PI 431809 LSP AGL","Iran","Asia","5",-2.70184024181601,4.41206177219799,-1.15931548058205,-1.10073038273868,2.46684023791305,1.68549468942155,1.0379257550915,1.28949140688851,-0.645884743263785,38.5902503293808,38,38.2
262,"PI 431824 LSP AGL","Iran","Asia","4",-1.84851553723964,-1.04671407217143,-3.43998664550776,-0.249222543847487,-0.705889059721141,0.066013995003399,1.96340845194884,-0.522455493712476,-0.546521574409503,36.6551187782805,32.6,30.4
263,"PI 431863 LSP AGL","Iran","Asia","4",1.33873146108137,-1.31848505175702,-1.00240116432742,-2.32856916827616,0.476909705178671,-1.40831491576195,-1.49159543778761,-2.24780451328453,0.11516292803593,35.8435941512277,38.3,34.7
264,"PI 431873 LSP AGL","Iran","Asia","6",0.769167043417274,-2.01644757337082,-1.32002664179786,-1.1642165370405,0.2817163922783,-0.293679084774883,0.112954955759553,-1.19603196481631,-0.862908897182255,35.1317863828949,27.8,33.6
265,"PI 431884 LSP AGL","Iran","Asia","6",0.381527411133823,-1.7685504835261,-2.19572880406778,0.9662274559395,-1.5591065838955,0.909492204968219,1.61322389270665,-0.807149010679356,-0.946809496239909,43.2482102322333,34.5,32.3
266,"PI 431888 LSP AGL","Iran","Asia","6",1.33226390743357,-1.6532839452258,-2.36729132797153,0.234887328190369,-0.220867915222883,-1.36341607768288,-0.377561599834779,-0.764132781383935,-1.34871077223343,28.3024691358025,24.4,26.6
267,"PI 431923 LSP AGL","Iran","Asia","8",2.72937415936576,2.6674892296607,0.982387997439025,-1.02781357542372,2.89302761084403,0.467555685951803,0.866746580439552,-0.225496039984354,-1.24777774705346,27.2132421104858,26.8,26.9
268,"PI 431980 LSP AGL","Iran","Asia","3",-1.80602838739696,-2.82509942145007,-0.445473434908033,-2.30216630378847,-0.223683611035882,1.9404090494127,0.502970961277879,-1.03966237978916,-1.23895401462484,54.3432835820895,44.5,47.7
269,"PI 432000 LSP AGL","Iran","Asia","6",1.90442452245166,-0.506304788406357,-2.54903708329597,1.82107837164791,-1.07444012262614,-1.17481014637071,-1.40541644579536,-1.09912312993599,-1.10517426018037,27.6892430278884,25,27.5
270,"PI 432001 LSP AGL","Iran","Asia","4",-1.44520494772309,0.198792903768844,-2.35197619881773,-0.869965520295706,-1.46275008149021,1.36845359903244,-1.17481611435707,-0.222695807837382,-1.45280647737024,42.431654676259,41.8,32.6
271,"PI 432002 LSP AGL","Iran","Asia","4",-0.226350931129238,0.332561726553259,-2.36316807850551,-1.72676054172563,-0.396144378917871,0.399707429081853,0.194257086006486,0.0221041638594949,0.033429451336527,34.7419559122799,27,30.6
272,"PI 432005 LSP AGL","Iran","Asia","6",1.02351495661668,-3.14687809899382,-0.016644728954766,1.75019691284423,-0.589588350630209,0.876143640087873,-0.0977380802640011,0.503548562131577,-0.662666769212698,44.2643391521197,40.3,44.2
273,"PI 432028 LSP AGL","Iran","Asia","4",-0.245549460405561,-1.98177506340675,-1.0702870627171,-2.46187042522203,0.790341946453765,0.535851943235114,-0.275925300361035,-0.402137635821812,-0.255575481009612,36.9899858604342,32.6,32
274,"PI 432033 LSP AGL","Iran","Asia","6",0.604792233317121,-0.805255717759658,-1.75953569240339,0.53431125030793,3.28327131766563,0.838218905892547,-0.860338710955856,0.528674445821551,1.47423815065077,35.1046823240407,32,29.2
275,"PI 432085 LSP AGL","Iran","Asia","6",-0.860998344940122,-2.67722091353261,-0.920627094712991,-0.566757774541544,-0.810506599600923,1.53326639446334,1.36814726569442,0.0320089667629288,-0.702498065936149,45.5829596412556,43,42.3
276,"PI 432106 LSP AGL","Iran","Asia","6",3.11046159860077,-3.69235337048155,0.0229810437274017,2.43463162988745,-0.682168588741592,1.2682091870557,-0.132479250258094,0.79685021485417,0.88359246525154,56.1498257839721,63.2,60.3
277,"PI 432124 LSP AGL","Iran","Asia","4",-1.93050011212839,0.829113563605125,-3.744168555636,-0.448422268858457,-1.50002360140889,1.31040205166517,-1.12305360707458,-0.109507535916493,-0.454054192217919,28.3995459704881,26.4,26.1
278,"PI 432145 LSP AGL","Iran","Asia","4",0.661104027653906,1.92968983541788,-1.90141291902364,-2.83814561875555,1.91019149485161,0.389617938433079,0.0356974874266384,0.593003074306658,-0.257676444342006,33.2321899736148,27.3,32.3
279,"PI 432147 LSP AGL","Iran","Asia","4",0.67845576026217,-0.932215866959683,-2.88075588532448,-1.73952647435914,0.697364943905943,-0.352748980988782,0.345879669862888,-1.2161991682127,1.90736858794318,35.9043602333291,32.4,31.7
280,"PI 432184 LSP AGL","Iran","Asia","6",1.50564634511601,-1.39010966851287,-3.2989877406474,2.73740719867447,-1.88600311522492,0.683645318963437,0.185229675685601,-0.958246149240155,1.0152054943955,38.4604519774011,35.4,35.7
281,"PI 432188 LSP AGL","Iran","Asia","6",0.182911491482264,-1.16408577570362,-1.6545279975028,0.429883358846195,-1.13943948725301,1.48638919933901,2.01108795388109,0.912842470674838,0.0599001689276438,41.9951670319369,38.4,39.5
282,"PI 432190 LSP AGL","Iran","Asia","7",6.50559907238996,-0.970899457905731,1.20880078647215,0.501694807177306,-1.56901617227892,0.15596928142721,-0.429367725201158,-0.988214035529781,0.882462428120464,49.8173515981735,47.2,42.2
283,"PI 432201 LSP AGL","Iran","Asia","6",3.99661061051133,-1.6214040489278,-0.667895712444911,0.992701473639165,-0.440825188983302,-0.826145305173053,-0.893634953437362,-0.378065819853353,-0.690277004588648,29.3645546372819,28.6,26.6
284,"PI 432212 LSP AGL","Iran","Asia","4",-0.369761352151447,1.66994942787197,-3.08997634272752,-0.210506292178436,0.638569628633789,0.518447627463651,0.00195116149345668,-0.713338523457626,0.647787281819746,30.9530694577667,28.5,29.6
285,"PI 432236 LSP AGL","Jordan","Asia","4",-0.0928167508323818,0.588419546065945,-1.67436338137994,-0.777156495983801,1.62228004743388,0.62781180461848,0.306123070212961,-0.361385387938968,-0.27840805556536,27.6419222069784,24.1,26.2
286,"PI 432245 LSP AGL","Lebanon","Asia","3",-1.29366263983077,-5.04297054883018,0.899636748957053,-0.701824973036964,1.45122145886601,-0.0713206975923678,1.03865193862336,-2.64773314209261,0.213328226385414,56.5151515151515,48.8,57.6
287,"PI 432271 LSP AGL","Turkey","Asia","4",1.8050785640331,3.37800717856345,-0.00692456538956578,-1.30689581962523,0.14133416254358,0.640901319500081,-0.791915916529394,0.622756755481836,-0.470275384690701,29.0473498752019,22.4,27
288,"PI 432286 LSP AGL","Egypt","Africa","4",-1.63753088451915,-0.161546258410771,-1.42643167827031,-4.18585317371023,-0.263369836994736,0.036854234546191,-0.472890263399561,-1.13059781910861,0.0820719968225467,37.595818815331,26.7,28.2
289,"PI 451763 LSP AGL","USA","Americas","6",1.3336372577187,-4.24993433016852,0.70926833847772,1.00918471166856,-0.151854590489902,2.25190687469886,-0.112076860389801,-1.35436883109008,0.98647476838753,56.1659513590844,52.6,47.1
290,"PI 458503 LSP AGL","Mexico","Americas","6",0.124270772432501,-2.09350777798069,-1.048216651008,0.697319223529536,0.595740200169604,-0.293008613872168,-0.346220962992046,1.31679487174078,0.0974842994970576,35.3195673549656,30.2,28.2
291,"PI 468900 LSP AGL","Brazil","Americas","7",4.22260322673998,-1.92713076642963,1.82057564608801,0.766093351118983,-0.0254387557300799,1.60827296090879,1.27051883364533,0.447493733853395,-0.263208041948706,39.7489504529624,34.9,40.4
292,"PI 468901 AGL","Brazil","Americas","7",7.90657268816809,1.5304628323722,0.266447125011202,-2.55656395581525,-0.813625360562274,-2.20540396100574,-0.514188439004573,1.0636665336393,0.0601653755990144,32.8709990300679,24.7,27.6
293,"PI 468902 LSP AGL","Brazil","Americas","6",4.75026228605798,-1.59216505095757,-0.344149225615942,5.10446374346331,0.474367623368671,0.142900108068926,1.55794647085093,-0.719177052143014,0.51417377970932,36.1036036036036,29.2,29.8
294,"PI 472136 LSP AGL","India","Asia","2",-7.02571554945031,1.72290620167446,0.0402407173514945,-0.22205354343358,-0.510663360965711,-1.1943712395793,-0.950059487796128,-1.00280695875672,0.593251316452511,23.9973262032086,24.2,25
295,"PI 472205 LSP AGL","India","Asia","1",-8.95184706897783,0.813521443270735,2.10771257500407,-0.897970356663338,-2.02675881368614,-1.21422772138411,-0.531817864089548,-0.542243130310994,-1.10285461935156,38.0378657487091,36.3,33.9
296,"PI 472213 LSP AGL","India","Asia","4",-1.83886865455934,-1.01533791798073,-3.35461527242781,-1.48883440535224,-0.0592871256541247,0.0989180509747071,0.461196572764698,-0.573241018083975,-0.613953487955623,35.7048748353096,28.3,31.7
297,"PI 472327 LSP AGL","India","Asia","2",-5.67974337289075,-0.507840346300694,-0.121432473663233,-1.27716046994655,0.975419268323036,-3.0779116242226,0.388574811203678,-1.75441067073214,1.69610452731372,24.027149321267,21.1,22.7
298,"PI 472380 LSP AGL","India","Asia","2",-6.01153559714641,0.942629944977814,-1.26323432655489,-0.28368127027574,-0.717692175367209,-0.858142414480595,-1.22952547927288,-1.12191267967261,0.741798701921349,25.5354659248957,22.8,26.5
299,"PI 472416 LSP AGL","India","Asia","2",-4.73315308463765,-0.233438772871477,-0.2621373292623,-0.919058856243519,0.785435457298572,-1.99410486420523,0.700262593444358,0.136913364499382,0.256959679582555,23.5422602089269,20.6,23.6
300,"PI 472488 LSP AGL","India","Asia","1",-6.84424920636815,1.60563281373526,1.29349444408353,0.2720278161648,-1.58889305887251,0.759243793726804,-3.63596057149324,-1.57620418571998,-2.64790902096168,23.2708333333333,23.1,25.1
301,"PI 472559 LSP AGL","India","Asia","2",-5.5339714074338,-0.889136572324775,-1.23612862037429,-0.993375797249404,0.408474742363771,-1.17974194236492,0.987125770421165,-1.33207346599025,0.69116750259705,21.3628318584071,21.3,23.4
302,"PI 472561 LSP AGL","India","Asia","2",-4.86416837828718,1.10989083731831,-1.66475762553294,1.21484895533492,0.446526333250386,-3.16254372891443,-0.850482416325252,0.445643748024217,1.27259172245938,25.5442176870748,21.8,23.7
303,"PI 472569 LSP AGL","Egypt","Africa","2",-5.00644067359282,1.25574729675631,-1.52840686127732,0.175079920524193,0.318511179696878,-2.91548005907447,-1.68728029803312,0.530935475241453,0.59418686248514,22.7707808564232,21.5,23.2
304,"PI 472588 LSP AGL","Egypt","Africa","4",-1.3712681530652,-1.31983466426539,-2.87236863475955,-0.312795157278242,1.70919817785438,-1.1408008404565,-0.728550198646285,1.38416456824248,0.600288893574139,39.5194541231127,31.6,27.8
305,"PI 472590 LSP AGL","Lebanon","Asia","4",-1.69287069210711,0.355597599953902,-1.40494987416848,0.0979811251446654,1.39799623397931,0.929386249571789,-0.386559941916522,-0.0544635357313682,-0.446390700244829,45.1387347391787,38.1,45.5
306,"PI 472615 LSP AGL","Jordan","Asia","3",-4.56695099614117,-2.69372625804733,1.25762120561738,0.162249855166887,2.21485618651594,1.71798348389433,-0.60794023683451,1.58203950959162,1.02919200344255,55.4115853658537,51.2,47.7
307,"PI 472629 LSP AGL","Iran","Asia","6",0.757011777535338,-2.2927664175011,-0.270568702603128,1.17147020356253,0.769404682937451,0.588205183080741,0.457744706733822,-1.60553864468911,-0.547684406831642,35.8556461001164,33.1,37.1
308,"PI 477921 LSP AGL","USA","Americas","6",1.6624406526405,0.31190698026995,-1.36960968450884,2.50499106614931,-2.74317547228631,1.06436142828835,0.0626060843879794,-0.922590390445828,-0.705121822775736,57.910447761194,53,53.2
309,"PI 490288 LSP AGL","France","Europe","7",6.36103582656153,1.43605615704352,-1.04319030387337,1.18171182988746,-0.690089697667233,0.0428881809133551,0.104231902169845,0.0669700993606601,1.06070466812938,33.3926981300089,27.4,29.5
310,"PI 490289 LSP AGL","France","Europe","6",0.657390762086789,-3.23976668999271,-0.815905485719686,0.766309441288974,-0.175096290318567,0.348899580750523,-0.617401263593066,0.574748026519483,-0.603556724588175,48.5333333333333,44.8,39
311,"PI 508090 AGL","USA","Americas","6",4.13369618877603,-4.34565580217826,-0.537912276186583,5.27480672370072,-0.614737513832724,0.765338236142379,0.115672045676585,0.545937080541923,1.61218983158667,61.7441860465116,59,55.5
312,"PI 518733 LSP AGL","Brazil","Americas","8",6.78458099489799,3.0380001864083,1.24512841413424,-0.340364157093826,1.14080113605655,-1.0253333135894,-2.24271631840111,0.531961323335816,-0.490433851874183,35.9572400388727,27.4,28.6
313,"PI 518734 LSP AGL","Brazil","Americas","8",6.73374485222561,6.64477089319688,4.97776577851257,-1.25998764595967,2.02878245599941,-1.31691649964628,-0.423286274885192,-0.77307981691886,-1.72214843716389,31.6514522821577,25.4,27.8
314,"PI 533688 LSP AGL","Spain","Europe","3",2.0730182302596,-3.17245992451329,3.31649112328647,-0.962291638908458,2.03584093492046,1.96971028796885,0.078809805032644,1.46912901369247,-1.32499418664083,69.9277108433735,66.4,60.2
315,"PI 533693 LSP AGL","Spain","Europe","8",4.34591198897707,3.18806806890254,2.21876429189858,0.284656259478637,1.97914785227618,2.14902782467614,-0.0995544893458679,-0.510376717757655,-0.277760278140559,33.2950631458094,28.5,32.5
316,"PI 612875 AGL","Syria","Asia","2",-4.05237395409095,-1.86357397142904,-0.522521673698365,0.978100480415996,2.69571823839694,-1.82075235622131,1.52260513390752,1.10607546155057,-0.686850593058212,29.7913188647746,28.6,29
317,"PI 643451 AGL","Ethiopia","Africa","2",-4.03339566764416,0.131752317025616,-1.47016004781018,-0.117221279696323,1.64416191285831,-2.91965883832079,0.754241847813136,0.711969486989693,1.79385418454327,28.7254901960784,26,30.3
318,"PI 643452 AGL","Syria","Asia","2",-4.72297152090025,0.0522038652891606,-0.363258292371034,0.616370743666948,0.332765843186698,-2.26914333437399,2.02168894310478,-0.0751571143625507,1.63430684006783,28.5586392121755,25.2,27
319,"Shasta AGL","USA","Americas","6",3.4433585164607,-0.110889169691054,-0.798817059758418,4.74196936594519,-0.269068154645068,0.0579087543984282,-2.77614569879414,-0.360136653277053,-0.588895003835444,56.927374301676,73.1,50
320,"W6 27754 LSP AGL","USDA",NA,"7",6.55695462906604,1.45059986843633,1.69167338368777,-1.67241936871621,-1.46045364534085,-0.201240634402455,0.563175816392352,0.0649505494571227,0.713989399270299,39.4712853236098,32.3,33.6
321,"W6 27760 LSP AGL","USDA",NA,"4",-0.344716353397997,1.87445096275401,2.01084012925159,-1.55985222636248,-1.64074752611573,-0.263673856331674,-0.526992765533804,0.342364517839725,-2.2152745192058,37.0200573065903,32.7,34.8
322,"W6 27763 LSP AGL","USDA",NA,"3",-1.93545034736378,-2.5146847670916,-0.0509149316000168,-0.415877489095448,0.771399659437927,-1.16275911617201,0.275434948861622,0.146172579941958,-0.225332225299125,34.2127659574468,29.6,34.2
323,"W6 27766 LSP AGL","USDA",NA,"1",-4.74015998600348,1.41780428221142,6.11462926964555,1.93373458264814,1.62224412121277,0.740850189863702,0.352514928819255,0.0096165753984707,0.255460736692789,36.4832793959008,30.1,36.9
324,"W6 27767 LSP AGL","USDA",NA,"4",-3.4647560536692,-0.315491710751588,0.270040640376962,-2.46471899049868,2.28069188176919,0.333284329907639,0.881430080804686,0.234620612398631,-1.2028669831263,35.9785522788204,31.1,32.2
